datasets/bright_scene_imgs/2489.jpg,0.0,0
datasets/bright_scene_imgs/2859.jpg,0.0,0
datasets/bright_scene_imgs/1186.jpg,0.0,0
datasets/bright_scene_imgs/1998.jpg,0.0,0
datasets/bright_scene_imgs/1432.jpg,0.0,0
datasets/bright_scene_imgs/2435.jpg,0.0,0
datasets/bright_scene_imgs/2553.jpg,0.0,0
datasets/bright_scene_imgs/1403.jpg,0.0,0
datasets/bright_scene_imgs/928.jpg,0.0,0
datasets/bright_scene_imgs/2342.jpg,0.0,0
datasets/bright_scene_imgs/1325.jpg,0.0,0
datasets/bright_scene_imgs/1336.jpg,0.0,0
datasets/bright_scene_imgs/2535.jpg,0.0,0
datasets/bright_scene_imgs/1273.jpg,0.0,0
datasets/bright_scene_imgs/1158.jpg,0.0,0
datasets/bright_scene_imgs/2830.jpg,0.0,0
datasets/bright_scene_imgs/135.jpg,0.0,0
datasets/bright_scene_imgs/821.jpg,0.0,0
datasets/bright_scene_imgs/2928.jpg,0.0,0
datasets/bright_scene_imgs/1912.jpg,0.0,0
datasets/bright_scene_imgs/2260.jpg,0.0,0
datasets/bright_scene_imgs/463.jpg,0.0,0
datasets/bright_scene_imgs/730.jpg,0.0,0
datasets/bright_scene_imgs/2953.jpg,0.0,0
datasets/bright_scene_imgs/13.jpg,0.0,0
datasets/bright_scene_imgs/100.jpg,0.0,0
datasets/bright_scene_imgs/1889.jpg,0.0,0
datasets/bright_scene_imgs/324.jpg,0.0,0
datasets/bright_scene_imgs/639.jpg,0.0,0
datasets/bright_scene_imgs/930.jpg,0.0,0
datasets/bright_scene_imgs/683.jpg,0.0,0
datasets/bright_scene_imgs/1269.jpg,0.0,0
datasets/bright_scene_imgs/507.jpg,0.0,0
datasets/bright_scene_imgs/2955.jpg,0.0,0
datasets/bright_scene_imgs/2698.jpg,0.0,0
datasets/bright_scene_imgs/633.jpg,0.0,0
datasets/bright_scene_imgs/1279.jpg,0.0,0
datasets/bright_scene_imgs/1821.jpg,0.0,0
datasets/bright_scene_imgs/1539.jpg,0.0,0
datasets/bright_scene_imgs/1525.jpg,0.0,0
datasets/bright_scene_imgs/2259.jpg,0.0,0
datasets/bright_scene_imgs/2032.jpg,0.0,0
datasets/bright_scene_imgs/764.jpg,0.0,0
datasets/bright_scene_imgs/1408.jpg,0.0,0
datasets/bright_scene_imgs/1122.jpg,0.0,0
datasets/bright_scene_imgs/239.jpg,0.0,0
datasets/bright_scene_imgs/2788.jpg,0.0,0
datasets/bright_scene_imgs/2949.jpg,0.0,0
datasets/bright_scene_imgs/72.jpg,0.0,0
datasets/bright_scene_imgs/1234.jpg,0.0,0
datasets/bright_scene_imgs/2869.jpg,0.0,0
datasets/bright_scene_imgs/2805.jpg,0.0,0
datasets/bright_scene_imgs/642.jpg,0.0,0
datasets/bright_scene_imgs/1397.jpg,0.0,0
datasets/bright_scene_imgs/1235.jpg,0.0,0
datasets/bright_scene_imgs/1267.jpg,0.0,0
datasets/bright_scene_imgs/2294.jpg,0.0,0
datasets/bright_scene_imgs/2360.jpg,0.0,0
datasets/bright_scene_imgs/1268.jpg,0.0,0
datasets/bright_scene_imgs/2979.jpg,0.0,0
datasets/bright_scene_imgs/437.jpg,0.0,0
datasets/bright_scene_imgs/1170.jpg,0.0,0
datasets/bright_scene_imgs/173.jpg,0.0,0
datasets/bright_scene_imgs/1307.jpg,0.0,0
datasets/bright_scene_imgs/396.jpg,0.0,0
datasets/bright_scene_imgs/2648.jpg,0.0,0
datasets/bright_scene_imgs/2954.jpg,0.0,0
datasets/bright_scene_imgs/1456.jpg,0.0,0
datasets/bright_scene_imgs/308.jpg,0.0,0
datasets/bright_scene_imgs/319.jpg,0.0,0
datasets/bright_scene_imgs/2433.jpg,0.0,0
datasets/bright_scene_imgs/950.jpg,0.0,0
datasets/bright_scene_imgs/657.jpg,0.0,0
datasets/bright_scene_imgs/2083.jpg,0.0,0
datasets/bright_scene_imgs/2813.jpg,0.0,0
datasets/bright_scene_imgs/1639.jpg,0.0,0
datasets/bright_scene_imgs/1930.jpg,0.0,0
datasets/bright_scene_imgs/232.jpg,0.0,0
datasets/bright_scene_imgs/868.jpg,0.0,0
datasets/bright_scene_imgs/2231.jpg,0.0,0
datasets/bright_scene_imgs/1763.jpg,0.0,0
datasets/bright_scene_imgs/1429.jpg,0.0,0
datasets/bright_scene_imgs/125.jpg,0.0,0
datasets/bright_scene_imgs/464.jpg,0.0,0
datasets/bright_scene_imgs/2444.jpg,0.0,0
datasets/bright_scene_imgs/595.jpg,0.0,0
datasets/bright_scene_imgs/921.jpg,0.0,0
datasets/bright_scene_imgs/1232.jpg,0.0,0
datasets/bright_scene_imgs/2646.jpg,0.0,0
datasets/bright_scene_imgs/2230.jpg,0.0,0
datasets/bright_scene_imgs/2850.jpg,0.0,0
datasets/bright_scene_imgs/1733.jpg,0.0,0
datasets/bright_scene_imgs/2286.jpg,0.0,0
datasets/bright_scene_imgs/2551.jpg,0.0,0
datasets/bright_scene_imgs/1094.jpg,0.0,0
datasets/bright_scene_imgs/1450.jpg,0.0,0
datasets/bright_scene_imgs/1455.jpg,0.0,0
datasets/bright_scene_imgs/2982.jpg,0.0,0
datasets/bright_scene_imgs/1360.jpg,0.0,0
datasets/bright_scene_imgs/2536.jpg,0.0,0
datasets/bright_scene_imgs/1545.jpg,0.0,0
datasets/bright_scene_imgs/2584.jpg,0.0,0
datasets/bright_scene_imgs/2765.jpg,0.0,0
datasets/bright_scene_imgs/2974.jpg,0.0,0
datasets/bright_scene_imgs/2306.jpg,0.0,0
datasets/bright_scene_imgs/2041.jpg,0.0,0
datasets/bright_scene_imgs/2976.jpg,0.0,0
datasets/bright_scene_imgs/2487.jpg,0.0,0
datasets/bright_scene_imgs/964.jpg,0.0,0
datasets/bright_scene_imgs/2959.jpg,0.0,0
datasets/bright_scene_imgs/364.jpg,0.0,0
datasets/bright_scene_imgs/2930.jpg,0.0,0
datasets/bright_scene_imgs/1162.jpg,0.0,0
datasets/bright_scene_imgs/2479.jpg,0.0,0
datasets/bright_scene_imgs/1764.jpg,0.0,0
datasets/bright_scene_imgs/1121.jpg,0.0,0
datasets/bright_scene_imgs/31.jpg,0.0,0
datasets/bright_scene_imgs/1516.jpg,0.0,0
datasets/bright_scene_imgs/2077.jpg,0.0,0
datasets/bright_scene_imgs/2454.jpg,0.0,0
datasets/bright_scene_imgs/2051.jpg,0.0,0
datasets/bright_scene_imgs/855.jpg,0.0,0
datasets/bright_scene_imgs/885.jpg,0.0,0
datasets/bright_scene_imgs/2635.jpg,0.0,0
datasets/bright_scene_imgs/2815.jpg,0.0,0
datasets/bright_scene_imgs/1118.jpg,0.0,0
datasets/bright_scene_imgs/1449.jpg,0.0,0
datasets/bright_scene_imgs/1357.jpg,0.0,0
datasets/bright_scene_imgs/1771.jpg,0.0,0
datasets/bright_scene_imgs/762.jpg,0.0,0
datasets/bright_scene_imgs/966.jpg,0.0,0
datasets/bright_scene_imgs/2991.jpg,0.0,0
datasets/bright_scene_imgs/2153.jpg,0.0,0
datasets/bright_scene_imgs/944.jpg,0.0,0
datasets/bright_scene_imgs/2304.jpg,0.0,0
datasets/bright_scene_imgs/2837.jpg,0.0,0
datasets/bright_scene_imgs/2217.jpg,0.0,0
datasets/bright_scene_imgs/1309.jpg,0.0,0
datasets/bright_scene_imgs/363.jpg,0.0,0
datasets/bright_scene_imgs/285.jpg,0.0,0
datasets/bright_scene_imgs/1457.jpg,0.0,0
datasets/bright_scene_imgs/1388.jpg,0.0,0
datasets/bright_scene_imgs/1350.jpg,0.0,0
datasets/bright_scene_imgs/2752.jpg,0.0,0
datasets/bright_scene_imgs/999.jpg,0.0,0
datasets/bright_scene_imgs/2894.jpg,0.0,0
datasets/bright_scene_imgs/2696.jpg,0.0,0
datasets/bright_scene_imgs/415.jpg,0.0,0
datasets/bright_scene_imgs/2874.jpg,0.0,0
datasets/bright_scene_imgs/1721.jpg,0.0,0
datasets/bright_scene_imgs/729.jpg,0.0,0
datasets/bright_scene_imgs/1755.jpg,0.0,0
datasets/bright_scene_imgs/981.jpg,0.0,0
datasets/bright_scene_imgs/549.jpg,0.0,0
datasets/bright_scene_imgs/2739.jpg,0.0,0
datasets/bright_scene_imgs/1483.jpg,0.0,0
datasets/bright_scene_imgs/1505.jpg,0.0,0
datasets/bright_scene_imgs/2025.jpg,0.0,0
datasets/bright_scene_imgs/2011.jpg,0.0,0
datasets/bright_scene_imgs/1800.jpg,0.0,0
datasets/bright_scene_imgs/562.jpg,0.0,0
datasets/bright_scene_imgs/2333.jpg,0.0,0
datasets/bright_scene_imgs/2314.jpg,0.0,0
datasets/bright_scene_imgs/1093.jpg,0.0,0
datasets/bright_scene_imgs/2291.jpg,0.0,0
datasets/bright_scene_imgs/2548.jpg,0.0,0
datasets/bright_scene_imgs/1451.jpg,0.0,0
datasets/bright_scene_imgs/2543.jpg,0.0,0
datasets/bright_scene_imgs/181.jpg,0.0,0
datasets/bright_scene_imgs/1555.jpg,0.0,0
datasets/bright_scene_imgs/1487.jpg,0.0,0
datasets/bright_scene_imgs/2434.jpg,0.0,0
datasets/bright_scene_imgs/2956.jpg,0.0,0
datasets/bright_scene_imgs/1147.jpg,0.0,0
datasets/bright_scene_imgs/423.jpg,0.0,0
datasets/bright_scene_imgs/91.jpg,0.0,0
datasets/bright_scene_imgs/2463.jpg,0.0,0
datasets/bright_scene_imgs/1587.jpg,0.0,0
datasets/bright_scene_imgs/2369.jpg,0.0,0
datasets/bright_scene_imgs/2723.jpg,0.0,0
datasets/bright_scene_imgs/1515.jpg,0.0,0
datasets/bright_scene_imgs/86.jpg,0.0,0
datasets/bright_scene_imgs/1556.jpg,0.0,0
datasets/bright_scene_imgs/44.jpg,0.0,0
datasets/bright_scene_imgs/1444.jpg,0.0,0
datasets/bright_scene_imgs/2106.jpg,0.0,0
datasets/bright_scene_imgs/2179.jpg,0.0,0
datasets/bright_scene_imgs/2408.jpg,0.0,0
datasets/bright_scene_imgs/2116.jpg,0.0,0
datasets/bright_scene_imgs/2876.jpg,0.0,0
datasets/bright_scene_imgs/2975.jpg,0.0,0
datasets/bright_scene_imgs/839.jpg,0.0,0
datasets/bright_scene_imgs/1152.jpg,0.0,0
datasets/bright_scene_imgs/1911.jpg,0.0,0
datasets/bright_scene_imgs/274.jpg,0.0,0
datasets/bright_scene_imgs/1848.jpg,0.0,0
datasets/bright_scene_imgs/1427.jpg,0.0,0
datasets/bright_scene_imgs/2424.jpg,0.0,0
datasets/bright_scene_imgs/2824.jpg,0.0,0
datasets/bright_scene_imgs/2137.jpg,0.0,0
datasets/bright_scene_imgs/2860.jpg,0.0,0
datasets/bright_scene_imgs/1544.jpg,0.0,0
datasets/bright_scene_imgs/2497.jpg,0.0,0
datasets/bright_scene_imgs/2721.jpg,0.0,0
datasets/bright_scene_imgs/6.jpg,0.0,0
datasets/bright_scene_imgs/152.jpg,0.0,0
datasets/bright_scene_imgs/1823.jpg,0.0,0
datasets/bright_scene_imgs/1048.jpg,0.0,0
datasets/bright_scene_imgs/1507.jpg,0.0,0
datasets/bright_scene_imgs/1658.jpg,0.0,0
datasets/bright_scene_imgs/1694.jpg,0.0,0
datasets/bright_scene_imgs/2272.jpg,0.0,0
datasets/bright_scene_imgs/1001.jpg,0.0,0
datasets/bright_scene_imgs/750.jpg,0.0,0
datasets/bright_scene_imgs/605.jpg,0.0,0
datasets/bright_scene_imgs/2587.jpg,0.0,0
datasets/bright_scene_imgs/417.jpg,0.0,0
datasets/bright_scene_imgs/720.jpg,0.0,0
datasets/bright_scene_imgs/1975.jpg,0.0,0
datasets/bright_scene_imgs/2445.jpg,0.0,0
datasets/bright_scene_imgs/2068.jpg,0.0,0
datasets/bright_scene_imgs/1157.jpg,0.0,0
datasets/bright_scene_imgs/580.jpg,0.0,0
datasets/bright_scene_imgs/2108.jpg,0.0,0
datasets/bright_scene_imgs/243.jpg,0.0,0
datasets/bright_scene_imgs/2985.jpg,0.0,0
datasets/bright_scene_imgs/1842.jpg,0.0,0
datasets/bright_scene_imgs/1418.jpg,0.0,0
datasets/bright_scene_imgs/2787.jpg,0.0,0
datasets/bright_scene_imgs/803.jpg,0.0,0
datasets/bright_scene_imgs/1902.jpg,0.0,0
datasets/bright_scene_imgs/563.jpg,0.0,0
datasets/bright_scene_imgs/2695.jpg,0.0,0
datasets/bright_scene_imgs/210.jpg,0.0,0
datasets/bright_scene_imgs/273.jpg,0.0,0
datasets/bright_scene_imgs/1704.jpg,0.0,0
datasets/bright_scene_imgs/670.jpg,0.0,0
datasets/bright_scene_imgs/418.jpg,0.0,0
datasets/bright_scene_imgs/1921.jpg,0.0,0
datasets/bright_scene_imgs/1993.jpg,0.0,0
datasets/bright_scene_imgs/1617.jpg,0.0,0
datasets/bright_scene_imgs/1489.jpg,0.0,0
datasets/bright_scene_imgs/113.jpg,0.0,0
datasets/bright_scene_imgs/1103.jpg,0.0,0
datasets/bright_scene_imgs/146.jpg,0.0,0
datasets/bright_scene_imgs/1504.jpg,0.0,0
datasets/bright_scene_imgs/1807.jpg,0.0,0
datasets/bright_scene_imgs/323.jpg,0.0,0
datasets/bright_scene_imgs/2902.jpg,0.0,0
datasets/bright_scene_imgs/1076.jpg,0.0,0
datasets/bright_scene_imgs/1700.jpg,0.0,0
datasets/bright_scene_imgs/2803.jpg,0.0,0
datasets/bright_scene_imgs/883.jpg,0.0,0
datasets/bright_scene_imgs/450.jpg,0.0,0
datasets/bright_scene_imgs/1754.jpg,0.0,0
datasets/bright_scene_imgs/906.jpg,0.0,0
datasets/bright_scene_imgs/2115.jpg,0.0,0
datasets/bright_scene_imgs/952.jpg,0.0,0
datasets/bright_scene_imgs/931.jpg,0.0,0
datasets/bright_scene_imgs/2141.jpg,0.0,0
datasets/bright_scene_imgs/1703.jpg,0.0,0
datasets/bright_scene_imgs/1419.jpg,0.0,0
datasets/bright_scene_imgs/2578.jpg,0.0,0
datasets/bright_scene_imgs/1259.jpg,0.0,0
datasets/bright_scene_imgs/2690.jpg,0.0,0
datasets/bright_scene_imgs/377.jpg,0.0,0
datasets/bright_scene_imgs/2762.jpg,0.0,0
datasets/bright_scene_imgs/176.jpg,0.0,0
datasets/bright_scene_imgs/2592.jpg,0.0,0
datasets/bright_scene_imgs/410.jpg,0.0,0
datasets/bright_scene_imgs/1445.jpg,0.0,0
datasets/bright_scene_imgs/198.jpg,0.0,0
datasets/bright_scene_imgs/2209.jpg,0.0,0
datasets/bright_scene_imgs/2550.jpg,0.0,0
datasets/bright_scene_imgs/2298.jpg,0.0,0
datasets/bright_scene_imgs/1266.jpg,0.0,0
datasets/bright_scene_imgs/2474.jpg,0.0,0
datasets/bright_scene_imgs/2738.jpg,0.0,0
datasets/bright_scene_imgs/2969.jpg,0.0,0
datasets/bright_scene_imgs/1148.jpg,0.0,0
datasets/bright_scene_imgs/1932.jpg,0.0,0
datasets/bright_scene_imgs/2940.jpg,0.0,0
datasets/bright_scene_imgs/2965.jpg,0.0,0
datasets/bright_scene_imgs/1701.jpg,0.0,0
datasets/bright_scene_imgs/2900.jpg,0.0,0
datasets/bright_scene_imgs/2663.jpg,0.0,0
datasets/bright_scene_imgs/2344.jpg,0.0,0
datasets/bright_scene_imgs/1513.jpg,0.0,0
datasets/bright_scene_imgs/2513.jpg,0.0,0
datasets/bright_scene_imgs/1459.jpg,0.0,0
datasets/bright_scene_imgs/2336.jpg,0.0,0
datasets/bright_scene_imgs/1417.jpg,0.0,0
datasets/bright_scene_imgs/422.jpg,0.0,0
datasets/bright_scene_imgs/2143.jpg,0.0,0
datasets/bright_scene_imgs/4.jpg,0.0,0
datasets/bright_scene_imgs/398.jpg,0.0,0
datasets/bright_scene_imgs/112.jpg,0.0,0
datasets/bright_scene_imgs/1470.jpg,0.0,0
datasets/bright_scene_imgs/509.jpg,0.0,0
datasets/bright_scene_imgs/2868.jpg,0.0,0
datasets/bright_scene_imgs/2605.jpg,0.0,0
datasets/bright_scene_imgs/1997.jpg,0.0,0
datasets/bright_scene_imgs/185.jpg,0.0,0
datasets/bright_scene_imgs/1291.jpg,0.0,0
datasets/bright_scene_imgs/345.jpg,0.0,0
datasets/bright_scene_imgs/2772.jpg,0.0,0
datasets/bright_scene_imgs/2778.jpg,0.0,0
datasets/bright_scene_imgs/1231.jpg,0.0,0
datasets/bright_scene_imgs/2997.jpg,0.0,0
datasets/bright_scene_imgs/2069.jpg,0.0,0
datasets/bright_scene_imgs/1029.jpg,0.0,0
datasets/bright_scene_imgs/1442.jpg,0.0,0
datasets/bright_scene_imgs/1609.jpg,0.0,0
datasets/bright_scene_imgs/2075.jpg,0.0,0
datasets/bright_scene_imgs/537.jpg,0.0,0
datasets/bright_scene_imgs/2950.jpg,0.0,0
datasets/bright_scene_imgs/2161.jpg,0.0,0
datasets/bright_scene_imgs/2134.jpg,0.0,0
datasets/bright_scene_imgs/2067.jpg,0.0,0
datasets/bright_scene_imgs/1150.jpg,0.0,0
datasets/bright_scene_imgs/1683.jpg,0.0,0
datasets/bright_scene_imgs/2790.jpg,0.0,0
datasets/bright_scene_imgs/2664.jpg,0.0,0
datasets/bright_scene_imgs/578.jpg,0.0,0
datasets/bright_scene_imgs/1832.jpg,0.0,0
datasets/bright_scene_imgs/2371.jpg,0.0,0
datasets/bright_scene_imgs/337.jpg,0.0,0
datasets/bright_scene_imgs/2717.jpg,0.0,0
datasets/bright_scene_imgs/1185.jpg,0.0,0
datasets/bright_scene_imgs/1753.jpg,0.0,0
datasets/bright_scene_imgs/2568.jpg,0.0,0
datasets/bright_scene_imgs/2189.jpg,0.0,0
datasets/bright_scene_imgs/2603.jpg,0.0,0
datasets/bright_scene_imgs/1543.jpg,0.0,0
datasets/bright_scene_imgs/1256.jpg,0.0,0
datasets/bright_scene_imgs/46.jpg,0.0,0
datasets/bright_scene_imgs/2163.jpg,0.0,0
datasets/bright_scene_imgs/2521.jpg,0.0,0
datasets/bright_scene_imgs/284.jpg,0.0,0
datasets/bright_scene_imgs/1840.jpg,0.0,0
datasets/bright_scene_imgs/2601.jpg,0.0,0
datasets/bright_scene_imgs/439.jpg,0.0,0
datasets/bright_scene_imgs/1699.jpg,0.0,0
datasets/bright_scene_imgs/1206.jpg,0.0,0
datasets/bright_scene_imgs/2318.jpg,0.0,0
datasets/bright_scene_imgs/1508.jpg,0.0,0
datasets/bright_scene_imgs/2024.jpg,0.0,0
datasets/bright_scene_imgs/1867.jpg,0.0,0
datasets/bright_scene_imgs/194.jpg,0.0,0
datasets/bright_scene_imgs/1792.jpg,0.0,0
datasets/bright_scene_imgs/195.jpg,0.0,0
datasets/bright_scene_imgs/322.jpg,0.0,0
datasets/bright_scene_imgs/1344.jpg,0.0,0
datasets/bright_scene_imgs/1772.jpg,0.0,0
datasets/bright_scene_imgs/2849.jpg,0.0,0
datasets/bright_scene_imgs/2951.jpg,0.0,0
datasets/bright_scene_imgs/1965.jpg,0.0,0
datasets/bright_scene_imgs/1346.jpg,0.0,0
datasets/bright_scene_imgs/2921.jpg,0.0,0
datasets/bright_scene_imgs/980.jpg,0.0,0
datasets/bright_scene_imgs/10.jpg,0.0,0
datasets/bright_scene_imgs/2057.jpg,0.0,0
datasets/bright_scene_imgs/2317.jpg,0.0,0
datasets/bright_scene_imgs/1083.jpg,0.0,0
datasets/bright_scene_imgs/1047.jpg,0.0,0
datasets/bright_scene_imgs/1369.jpg,0.0,0
datasets/bright_scene_imgs/2929.jpg,0.0,0
datasets/bright_scene_imgs/2034.jpg,0.0,0
datasets/bright_scene_imgs/1339.jpg,0.0,0
datasets/bright_scene_imgs/1698.jpg,0.0,0
datasets/bright_scene_imgs/2977.jpg,0.0,0
datasets/bright_scene_imgs/224.jpg,0.0,0
datasets/bright_scene_imgs/2481.jpg,0.0,0
datasets/bright_scene_imgs/385.jpg,0.0,0
datasets/bright_scene_imgs/1446.jpg,0.0,0
datasets/bright_scene_imgs/428.jpg,0.0,0
datasets/bright_scene_imgs/12.jpg,0.0,0
datasets/bright_scene_imgs/2771.jpg,0.0,0
datasets/bright_scene_imgs/376.jpg,0.0,0
datasets/bright_scene_imgs/2152.jpg,0.0,0
datasets/bright_scene_imgs/234.jpg,0.0,0
datasets/bright_scene_imgs/2941.jpg,0.0,0
datasets/bright_scene_imgs/184.jpg,0.0,0
datasets/bright_scene_imgs/2608.jpg,0.0,0
datasets/bright_scene_imgs/1482.jpg,0.0,0
datasets/bright_scene_imgs/2687.jpg,0.0,0
datasets/bright_scene_imgs/1987.jpg,0.0,0
datasets/bright_scene_imgs/1290.jpg,0.0,0
datasets/bright_scene_imgs/2.jpg,0.0,0
datasets/bright_scene_imgs/1295.jpg,0.0,0
datasets/bright_scene_imgs/984.jpg,0.0,0
datasets/bright_scene_imgs/751.jpg,0.0,0
datasets/bright_scene_imgs/967.jpg,0.0,0
datasets/bright_scene_imgs/1105.jpg,0.0,0
datasets/bright_scene_imgs/1294.jpg,0.0,0
datasets/bright_scene_imgs/1395.jpg,0.0,0
datasets/bright_scene_imgs/511.jpg,0.0,0
datasets/bright_scene_imgs/1448.jpg,0.0,0
datasets/bright_scene_imgs/1625.jpg,0.0,0
datasets/bright_scene_imgs/387.jpg,0.0,0
datasets/bright_scene_imgs/2359.jpg,0.0,0
datasets/bright_scene_imgs/2730.jpg,0.0,0
datasets/bright_scene_imgs/1015.jpg,0.0,0
datasets/bright_scene_imgs/1014.jpg,0.0,0
datasets/bright_scene_imgs/2745.jpg,0.0,0
datasets/bright_scene_imgs/1198.jpg,0.0,0
datasets/bright_scene_imgs/1531.jpg,0.0,0
datasets/bright_scene_imgs/355.jpg,0.0,0
datasets/bright_scene_imgs/1333.jpg,0.0,0
datasets/bright_scene_imgs/636.jpg,0.0,0
datasets/bright_scene_imgs/1133.jpg,0.0,0
datasets/bright_scene_imgs/1809.jpg,0.0,0
datasets/bright_scene_imgs/2267.jpg,0.0,0
datasets/bright_scene_imgs/1594.jpg,0.0,0
datasets/bright_scene_imgs/2973.jpg,0.0,0
datasets/bright_scene_imgs/1322.jpg,0.0,0
datasets/bright_scene_imgs/2522.jpg,0.0,0
datasets/bright_scene_imgs/1548.jpg,0.0,0
datasets/bright_scene_imgs/2755.jpg,0.0,0
datasets/bright_scene_imgs/1243.jpg,0.0,0
datasets/bright_scene_imgs/1888.jpg,0.0,0
datasets/bright_scene_imgs/1326.jpg,0.0,0
datasets/bright_scene_imgs/2016.jpg,0.0,0
datasets/bright_scene_imgs/535.jpg,0.0,0
datasets/bright_scene_imgs/1472.jpg,0.0,0
datasets/bright_scene_imgs/1342.jpg,0.0,0
datasets/bright_scene_imgs/625.jpg,0.0,0
datasets/bright_scene_imgs/163.jpg,0.0,0
datasets/bright_scene_imgs/271.jpg,0.0,0
datasets/bright_scene_imgs/441.jpg,0.0,0
datasets/bright_scene_imgs/2593.jpg,0.0,0
datasets/bright_scene_imgs/1723.jpg,0.0,0
datasets/bright_scene_imgs/2419.jpg,0.0,0
datasets/bright_scene_imgs/1485.jpg,0.0,0
datasets/bright_scene_imgs/2594.jpg,0.0,0
datasets/bright_scene_imgs/856.jpg,0.0,0
datasets/bright_scene_imgs/366.jpg,0.0,0
datasets/bright_scene_imgs/2697.jpg,0.0,0
datasets/bright_scene_imgs/419.jpg,0.0,0
datasets/bright_scene_imgs/2647.jpg,0.0,0
datasets/bright_scene_imgs/438.jpg,0.0,0
datasets/bright_scene_imgs/1899.jpg,0.0,0
datasets/bright_scene_imgs/979.jpg,0.0,0
datasets/bright_scene_imgs/723.jpg,0.0,0
datasets/bright_scene_imgs/2405.jpg,0.0,0
datasets/bright_scene_imgs/1330.jpg,0.0,0
datasets/bright_scene_imgs/2983.jpg,0.0,0
datasets/bright_scene_imgs/1111.jpg,0.0,0
datasets/bright_scene_imgs/1454.jpg,0.0,0
datasets/bright_scene_imgs/272.jpg,0.0,0
datasets/bright_scene_imgs/114.jpg,0.0,0
datasets/bright_scene_imgs/414.jpg,0.0,0
datasets/bright_scene_imgs/609.jpg,0.0,0
datasets/bright_scene_imgs/2423.jpg,0.0,0
datasets/bright_scene_imgs/1891.jpg,0.0,0
datasets/bright_scene_imgs/712.jpg,0.0,0
datasets/bright_scene_imgs/177.jpg,0.0,0
datasets/bright_scene_imgs/2239.jpg,0.0,0
datasets/bright_scene_imgs/2442.jpg,0.0,0
datasets/bright_scene_imgs/162.jpg,0.0,0
datasets/bright_scene_imgs/2773.jpg,0.0,0
datasets/bright_scene_imgs/1999.jpg,0.0,0
datasets/bright_scene_imgs/1443.jpg,0.0,0
datasets/bright_scene_imgs/2453.jpg,0.0,0
datasets/bright_scene_imgs/1353.jpg,0.0,0
datasets/bright_scene_imgs/1400.jpg,0.0,0
datasets/bright_scene_imgs/1285.jpg,0.0,0
datasets/bright_scene_imgs/1973.jpg,0.0,0
datasets/bright_scene_imgs/1327.jpg,0.0,0
datasets/bright_scene_imgs/225.jpg,0.0,0
datasets/bright_scene_imgs/1420.jpg,0.0,0
datasets/bright_scene_imgs/452.jpg,0.0,0
datasets/bright_scene_imgs/200.jpg,0.0,0
datasets/bright_scene_imgs/836.jpg,0.0,0
datasets/bright_scene_imgs/1410.jpg,0.0,0
datasets/bright_scene_imgs/1000.jpg,0.0,0
datasets/bright_scene_imgs/884.jpg,0.0,0
datasets/bright_scene_imgs/1947.jpg,0.0,0
datasets/bright_scene_imgs/2963.jpg,0.0,0
datasets/bright_scene_imgs/1204.jpg,0.0,0
datasets/bright_scene_imgs/102.jpg,0.0,0
datasets/bright_scene_imgs/1413.jpg,0.0,0
datasets/bright_scene_imgs/2847.jpg,0.0,0
datasets/bright_scene_imgs/2633.jpg,0.0,0
datasets/bright_scene_imgs/1898.jpg,0.0,0
datasets/bright_scene_imgs/45.jpg,0.0,0
datasets/bright_scene_imgs/2891.jpg,0.0,0
datasets/bright_scene_imgs/2503.jpg,0.0,0
datasets/bright_scene_imgs/2407.jpg,0.0,0
datasets/bright_scene_imgs/2420.jpg,0.0,0
datasets/bright_scene_imgs/1087.jpg,0.0,0
datasets/bright_scene_imgs/54.jpg,0.0,0
datasets/bright_scene_imgs/1570.jpg,0.0,0
datasets/bright_scene_imgs/1784.jpg,0.0,0
datasets/bright_scene_imgs/1534.jpg,0.0,0
datasets/bright_scene_imgs/2889.jpg,0.0,0
datasets/bright_scene_imgs/1518.jpg,0.0,0
datasets/bright_scene_imgs/2377.jpg,0.0,0
datasets/bright_scene_imgs/1123.jpg,0.0,0
datasets/bright_scene_imgs/63.jpg,0.0,0
datasets/bright_scene_imgs/1437.jpg,0.0,0
datasets/bright_scene_imgs/2284.jpg,0.0,0
datasets/bright_scene_imgs/1877.jpg,0.0,0
datasets/bright_scene_imgs/628.jpg,0.0,0
datasets/bright_scene_imgs/816.jpg,0.0,0
datasets/bright_scene_imgs/347.jpg,0.0,0
datasets/bright_scene_imgs/1790.jpg,0.0,0
datasets/bright_scene_imgs/1533.jpg,0.0,0
datasets/bright_scene_imgs/2993.jpg,0.0,0
datasets/bright_scene_imgs/2074.jpg,0.0,0
datasets/bright_scene_imgs/1734.jpg,0.0,0
datasets/bright_scene_imgs/2978.jpg,0.0,0
datasets/bright_scene_imgs/1467.jpg,0.0,0
datasets/bright_scene_imgs/1296.jpg,0.0,0
datasets/bright_scene_imgs/1373.jpg,0.0,0
datasets/bright_scene_imgs/1250.jpg,0.0,0
datasets/bright_scene_imgs/1538.jpg,0.0,0
datasets/bright_scene_imgs/240.jpg,0.0,0
datasets/bright_scene_imgs/1631.jpg,0.0,0
datasets/bright_scene_imgs/2142.jpg,0.0,0
datasets/bright_scene_imgs/2164.jpg,0.0,0
datasets/bright_scene_imgs/2066.jpg,0.0,0
datasets/bright_scene_imgs/2132.jpg,0.0,0
datasets/bright_scene_imgs/1696.jpg,0.0,0
datasets/bright_scene_imgs/2832.jpg,0.0,0
datasets/bright_scene_imgs/2354.jpg,0.0,0
datasets/bright_scene_imgs/2729.jpg,0.0,0
datasets/bright_scene_imgs/2035.jpg,0.0,0
datasets/bright_scene_imgs/172.jpg,0.0,0
datasets/bright_scene_imgs/233.jpg,0.0,0
datasets/bright_scene_imgs/2922.jpg,0.0,0
datasets/bright_scene_imgs/1693.jpg,0.0,0
datasets/bright_scene_imgs/336.jpg,0.0,0
datasets/bright_scene_imgs/2671.jpg,0.0,0
datasets/bright_scene_imgs/1808.jpg,0.0,0
datasets/bright_scene_imgs/1131.jpg,0.0,0
datasets/bright_scene_imgs/2171.jpg,0.0,0
datasets/bright_scene_imgs/1165.jpg,0.0,0
datasets/bright_scene_imgs/513.jpg,0.0,0
datasets/bright_scene_imgs/629.jpg,0.0,0
datasets/bright_scene_imgs/1292.jpg,0.0,0
datasets/bright_scene_imgs/1866.jpg,0.0,0
datasets/bright_scene_imgs/1086.jpg,0.0,0
datasets/bright_scene_imgs/2753.jpg,0.0,0
datasets/bright_scene_imgs/1737.jpg,0.0,0
datasets/bright_scene_imgs/960.jpg,0.0,0
datasets/bright_scene_imgs/1946.jpg,0.0,0
datasets/bright_scene_imgs/907.jpg,0.0,0
datasets/bright_scene_imgs/1465.jpg,0.0,0
datasets/bright_scene_imgs/2003.jpg,0.0,0
datasets/bright_scene_imgs/1159.jpg,0.0,0
datasets/bright_scene_imgs/1406.jpg,0.0,0
datasets/bright_scene_imgs/2797.jpg,0.0,0
datasets/bright_scene_imgs/2607.jpg,0.0,0
datasets/bright_scene_imgs/29.jpg,0.0,0
datasets/bright_scene_imgs/2591.jpg,0.0,0
datasets/bright_scene_imgs/2848.jpg,0.0,0
datasets/bright_scene_imgs/53.jpg,0.0,0
datasets/bright_scene_imgs/1615.jpg,0.0,0
datasets/bright_scene_imgs/1561.jpg,0.0,0
datasets/bright_scene_imgs/2252.jpg,0.0,0
datasets/bright_scene_imgs/1715.jpg,0.0,0
datasets/bright_scene_imgs/2904.jpg,0.0,0
datasets/bright_scene_imgs/179.jpg,0.0,0
datasets/bright_scene_imgs/2673.jpg,0.0,0
datasets/bright_scene_imgs/96.jpg,0.0,0
datasets/bright_scene_imgs/1163.jpg,0.0,0
datasets/bright_scene_imgs/1168.jpg,0.0,0
datasets/bright_scene_imgs/2452.jpg,0.0,0
datasets/bright_scene_imgs/1139.jpg,0.0,0
datasets/bright_scene_imgs/1479.jpg,0.0,0
datasets/bright_scene_imgs/1145.jpg,0.0,0
datasets/bright_scene_imgs/1421.jpg,0.0,0
datasets/bright_scene_imgs/1149.jpg,0.0,0
datasets/bright_scene_imgs/2460.jpg,0.0,0
datasets/bright_scene_imgs/473.jpg,0.0,0
datasets/bright_scene_imgs/1164.jpg,0.0,0
datasets/bright_scene_imgs/2672.jpg,0.0,0
datasets/bright_scene_imgs/604.jpg,0.0,0
datasets/bright_scene_imgs/2017.jpg,0.0,0
datasets/bright_scene_imgs/2496.jpg,0.0,0
datasets/bright_scene_imgs/2273.jpg,0.0,0
datasets/bright_scene_imgs/2244.jpg,0.0,0
datasets/bright_scene_imgs/2386.jpg,0.0,0
datasets/bright_scene_imgs/593.jpg,0.0,0
datasets/bright_scene_imgs/2957.jpg,0.0,0
datasets/bright_scene_imgs/1702.jpg,0.0,0
datasets/bright_scene_imgs/126.jpg,0.0,0
datasets/bright_scene_imgs/51.jpg,0.0,0
datasets/bright_scene_imgs/2378.jpg,0.0,0
datasets/bright_scene_imgs/985.jpg,0.0,0
datasets/bright_scene_imgs/1801.jpg,0.0,0
datasets/bright_scene_imgs/1389.jpg,0.0,0
datasets/bright_scene_imgs/484.jpg,0.0,0
datasets/bright_scene_imgs/1251.jpg,0.0,0
datasets/bright_scene_imgs/630.jpg,0.0,0
datasets/bright_scene_imgs/1146.jpg,0.0,0
datasets/bright_scene_imgs/786.jpg,0.0,0
datasets/bright_scene_imgs/2251.jpg,0.0,0
datasets/bright_scene_imgs/2076.jpg,0.0,0
datasets/bright_scene_imgs/695.jpg,0.0,0
datasets/bright_scene_imgs/696.jpg,0.0,0
datasets/bright_scene_imgs/817.jpg,0.0,0
datasets/bright_scene_imgs/2462.jpg,0.0,0
datasets/bright_scene_imgs/2796.jpg,0.0,0
datasets/bright_scene_imgs/346.jpg,0.0,0
datasets/bright_scene_imgs/2200.jpg,0.0,0
datasets/bright_scene_imgs/594.jpg,0.0,0
datasets/bright_scene_imgs/1656.jpg,0.0,0
datasets/bright_scene_imgs/186.jpg,0.0,0
datasets/bright_scene_imgs/1923.jpg,0.0,0
datasets/bright_scene_imgs/1616.jpg,0.0,0
datasets/bright_scene_imgs/462.jpg,0.0,0
datasets/bright_scene_imgs/2362.jpg,0.0,0
datasets/bright_scene_imgs/1602.jpg,0.0,0
datasets/bright_scene_imgs/103.jpg,0.0,0
datasets/bright_scene_imgs/1412.jpg,0.0,0
datasets/bright_scene_imgs/2964.jpg,0.0,0
datasets/bright_scene_imgs/1527.jpg,0.0,0
datasets/bright_scene_imgs/2942.jpg,0.0,0
datasets/bright_scene_imgs/551.jpg,0.0,0
datasets/bright_scene_imgs/73.jpg,0.0,0
datasets/bright_scene_imgs/227.jpg,0.0,0
datasets/bright_scene_imgs/2999.jpg,0.0,0
datasets/bright_scene_imgs/1431.jpg,0.0,0
datasets/bright_scene_imgs/15.jpg,0.0,0
datasets/bright_scene_imgs/2626.jpg,0.0,0
datasets/bright_scene_imgs/1332.jpg,0.0,0
datasets/bright_scene_imgs/1328.jpg,0.0,0
datasets/bright_scene_imgs/2777.jpg,0.0,0
datasets/bright_scene_imgs/1475.jpg,0.0,0
datasets/bright_scene_imgs/1338.jpg,0.0,0
datasets/bright_scene_imgs/1297.jpg,0.0,0
datasets/bright_scene_imgs/1510.jpg,0.0,0
datasets/bright_scene_imgs/2470.jpg,0.0,0
datasets/bright_scene_imgs/287.jpg,0.0,0
datasets/bright_scene_imgs/1494.jpg,0.0,0
datasets/bright_scene_imgs/1438.jpg,0.0,0
datasets/bright_scene_imgs/115.jpg,0.0,0
datasets/bright_scene_imgs/399.jpg,0.0,0
datasets/bright_scene_imgs/1991.jpg,0.0,0
datasets/bright_scene_imgs/2913.jpg,0.0,0
datasets/bright_scene_imgs/1765.jpg,0.0,0
datasets/bright_scene_imgs/2266.jpg,0.0,0
datasets/bright_scene_imgs/2361.jpg,0.0,0
datasets/bright_scene_imgs/1982.jpg,0.0,0
datasets/bright_scene_imgs/1153.jpg,0.0,0
datasets/bright_scene_imgs/1511.jpg,0.0,0
datasets/bright_scene_imgs/945.jpg,0.0,0
datasets/bright_scene_imgs/445.jpg,0.0,0
datasets/bright_scene_imgs/2107.jpg,0.0,0
datasets/bright_scene_imgs/638.jpg,0.0,0
datasets/bright_scene_imgs/2636.jpg,0.0,0
datasets/bright_scene_imgs/1317.jpg,0.0,0
datasets/bright_scene_imgs/2649.jpg,0.0,0
datasets/bright_scene_imgs/2943.jpg,0.0,0
datasets/bright_scene_imgs/2825.jpg,0.0,0
datasets/bright_scene_imgs/7.jpg,0.0,0
datasets/bright_scene_imgs/1894.jpg,0.0,0
datasets/bright_scene_imgs/2529.jpg,0.0,0
datasets/bright_scene_imgs/1514.jpg,0.0,0
datasets/bright_scene_imgs/1283.jpg,0.0,0
datasets/bright_scene_imgs/1031.jpg,0.0,0
datasets/bright_scene_imgs/1532.jpg,0.0,0
datasets/bright_scene_imgs/303.jpg,0.0,0
datasets/bright_scene_imgs/1713.jpg,0.0,0
datasets/bright_scene_imgs/1334.jpg,0.0,0
datasets/bright_scene_imgs/2596.jpg,0.0,0
datasets/bright_scene_imgs/927.jpg,0.0,0
datasets/bright_scene_imgs/1495.jpg,0.0,0
datasets/bright_scene_imgs/110.jpg,0.0,0
datasets/bright_scene_imgs/1989.jpg,0.0,0
datasets/bright_scene_imgs/1879.jpg,0.0,0
datasets/bright_scene_imgs/11.jpg,0.0,0
datasets/bright_scene_imgs/1311.jpg,0.0,0
datasets/bright_scene_imgs/1085.jpg,0.0,0
datasets/bright_scene_imgs/2432.jpg,0.0,0
datasets/bright_scene_imgs/144.jpg,0.0,0
datasets/bright_scene_imgs/1359.jpg,0.0,0
datasets/bright_scene_imgs/397.jpg,0.0,0
datasets/bright_scene_imgs/2610.jpg,0.0,0
datasets/bright_scene_imgs/1396.jpg,0.0,0
datasets/bright_scene_imgs/1236.jpg,0.0,0
datasets/bright_scene_imgs/1578.jpg,0.0,0
datasets/bright_scene_imgs/2050.jpg,0.0,0
datasets/bright_scene_imgs/1546.jpg,0.0,0
datasets/bright_scene_imgs/2996.jpg,0.0,0
datasets/bright_scene_imgs/1499.jpg,0.0,0
datasets/bright_scene_imgs/155.jpg,0.0,0
datasets/bright_scene_imgs/1195.jpg,0.0,0
datasets/bright_scene_imgs/1189.jpg,0.0,0
datasets/bright_scene_imgs/476.jpg,0.0,0
datasets/bright_scene_imgs/2180.jpg,0.0,0
datasets/bright_scene_imgs/2018.jpg,0.0,0
datasets/bright_scene_imgs/1624.jpg,0.0,0
datasets/bright_scene_imgs/1892.jpg,0.0,0
datasets/bright_scene_imgs/2639.jpg,0.0,0
datasets/bright_scene_imgs/1439.jpg,0.0,0
datasets/bright_scene_imgs/561.jpg,0.0,0
datasets/bright_scene_imgs/2637.jpg,0.0,0
datasets/bright_scene_imgs/1577.jpg,0.0,0
datasets/bright_scene_imgs/1579.jpg,0.0,0
datasets/bright_scene_imgs/1526.jpg,0.0,0
datasets/bright_scene_imgs/1368.jpg,0.0,0
datasets/bright_scene_imgs/2606.jpg,0.0,0
datasets/bright_scene_imgs/1141.jpg,0.0,0
datasets/bright_scene_imgs/199.jpg,0.0,0
datasets/bright_scene_imgs/1553.jpg,0.0,0
datasets/bright_scene_imgs/1603.jpg,0.0,0
datasets/bright_scene_imgs/1343.jpg,0.0,0
datasets/bright_scene_imgs/2923.jpg,0.0,0
datasets/bright_scene_imgs/33.jpg,0.0,0
datasets/bright_scene_imgs/2938.jpg,0.0,0
datasets/bright_scene_imgs/356.jpg,0.0,0
datasets/bright_scene_imgs/1426.jpg,0.0,0
datasets/bright_scene_imgs/932.jpg,0.0,0
datasets/bright_scene_imgs/1486.jpg,0.0,0
datasets/bright_scene_imgs/2779.jpg,0.0,0
datasets/bright_scene_imgs/1028.jpg,0.0,0
datasets/bright_scene_imgs/2706.jpg,0.0,0
datasets/bright_scene_imgs/2958.jpg,0.0,0
datasets/bright_scene_imgs/2285.jpg,0.0,0
datasets/bright_scene_imgs/2838.jpg,0.0,0
datasets/bright_scene_imgs/865.jpg,0.0,0
datasets/bright_scene_imgs/2670.jpg,0.0,0
datasets/bright_scene_imgs/1363.jpg,0.0,0
datasets/bright_scene_imgs/1301.jpg,0.0,0
datasets/bright_scene_imgs/62.jpg,0.0,0
datasets/bright_scene_imgs/1568.jpg,0.0,0
datasets/bright_scene_imgs/731.jpg,0.0,0
datasets/bright_scene_imgs/499.jpg,0.0,0
datasets/bright_scene_imgs/2632.jpg,0.0,0
datasets/bright_scene_imgs/2604.jpg,0.0,0
datasets/bright_scene_imgs/183.jpg,0.0,0
datasets/bright_scene_imgs/413.jpg,0.0,0
datasets/bright_scene_imgs/1347.jpg,0.0,0
datasets/bright_scene_imgs/1300.jpg,0.0,0
datasets/bright_scene_imgs/1705.jpg,0.0,0
datasets/bright_scene_imgs/1401.jpg,0.0,0
datasets/bright_scene_imgs/854.jpg,0.0,0
datasets/bright_scene_imgs/655.jpg,0.0,0
datasets/bright_scene_imgs/52.jpg,0.0,0
datasets/bright_scene_imgs/2681.jpg,0.0,0
datasets/bright_scene_imgs/1542.jpg,0.0,0
datasets/bright_scene_imgs/577.jpg,0.0,0
datasets/bright_scene_imgs/2542.jpg,0.0,0
datasets/bright_scene_imgs/2761.jpg,0.0,0
datasets/bright_scene_imgs/1988.jpg,0.0,0
datasets/bright_scene_imgs/2912.jpg,0.0,0
datasets/bright_scene_imgs/1922.jpg,0.0,0
datasets/bright_scene_imgs/2327.jpg,0.0,0
datasets/bright_scene_imgs/2560.jpg,0.0,0
datasets/bright_scene_imgs/1428.jpg,0.0,0
datasets/bright_scene_imgs/2988.jpg,0.0,0
datasets/bright_scene_imgs/1496.jpg,0.0,0
datasets/bright_scene_imgs/2009.jpg,0.0,0
datasets/bright_scene_imgs/1144.jpg,0.0,0
datasets/bright_scene_imgs/2222.jpg,0.0,0
datasets/bright_scene_imgs/453.jpg,0.0,0
datasets/bright_scene_imgs/2090.jpg,0.0,0
datasets/bright_scene_imgs/2145.jpg,0.0,0
datasets/bright_scene_imgs/802.jpg,0.0,0
datasets/bright_scene_imgs/1488.jpg,0.0,0
datasets/bright_scene_imgs/2495.jpg,0.0,0
datasets/bright_scene_imgs/983.jpg,0.0,0
datasets/bright_scene_imgs/2370.jpg,0.0,0
datasets/bright_scene_imgs/2716.jpg,0.0,0
datasets/bright_scene_imgs/1569.jpg,0.0,0
datasets/bright_scene_imgs/2640.jpg,0.0,0
datasets/bright_scene_imgs/2396.jpg,0.0,0
datasets/bright_scene_imgs/431.jpg,0.0,0
datasets/bright_scene_imgs/1815.jpg,0.0,0
datasets/bright_scene_imgs/1913.jpg,0.0,0
datasets/bright_scene_imgs/1986.jpg,0.0,0
datasets/bright_scene_imgs/1405.jpg,0.0,0
datasets/bright_scene_imgs/2602.jpg,0.0,0
datasets/bright_scene_imgs/101.jpg,0.0,0
datasets/bright_scene_imgs/2345.jpg,0.0,0
datasets/bright_scene_imgs/1972.jpg,0.0,0
datasets/bright_scene_imgs/637.jpg,0.0,0
datasets/bright_scene_imgs/963.jpg,0.0,0
datasets/bright_scene_imgs/2368.jpg,0.0,0
datasets/bright_scene_imgs/656.jpg,0.0,0
datasets/bright_scene_imgs/1242.jpg,0.0,0
datasets/bright_scene_imgs/2162.jpg,0.0,0
datasets/bright_scene_imgs/1169.jpg,0.0,0
datasets/bright_scene_imgs/929.jpg,0.0,0
datasets/bright_scene_imgs/1361.jpg,0.0,0
datasets/bright_scene_imgs/2263.jpg,0.0,0
datasets/bright_scene_imgs/447.jpg,0.0,0
datasets/bright_scene_imgs/425.jpg,0.0,0
datasets/bright_scene_imgs/17.jpg,0.0,0
datasets/bright_scene_imgs/420.jpg,0.0,0
datasets/bright_scene_imgs/321.jpg,0.0,0
datasets/bright_scene_imgs/954.jpg,0.0,0
datasets/bright_scene_imgs/1316.jpg,0.0,0
datasets/bright_scene_imgs/213.jpg,0.0,0
datasets/bright_scene_imgs/153.jpg,0.0,0
datasets/bright_scene_imgs/1258.jpg,0.0,0
datasets/bright_scene_imgs/1367.jpg,0.0,0
datasets/bright_scene_imgs/1196.jpg,0.0,0
datasets/bright_scene_imgs/1814.jpg,0.0,0
datasets/bright_scene_imgs/943.jpg,0.0,0
datasets/bright_scene_imgs/1665.jpg,0.0,0
datasets/bright_scene_imgs/2202.jpg,0.0,0
datasets/bright_scene_imgs/236.jpg,0.0,0
datasets/bright_scene_imgs/1278.jpg,0.0,0
datasets/bright_scene_imgs/1366.jpg,0.0,0
datasets/bright_scene_imgs/1623.jpg,0.0,0
datasets/bright_scene_imgs/1244.jpg,0.0,0
datasets/bright_scene_imgs/2634.jpg,0.0,0
datasets/bright_scene_imgs/2722.jpg,0.0,0
datasets/bright_scene_imgs/1404.jpg,0.0,0
datasets/bright_scene_imgs/2638.jpg,0.0,0
datasets/bright_scene_imgs/550.jpg,0.0,0
datasets/bright_scene_imgs/0.jpg,0.0,0
datasets/bright_scene_imgs/365.jpg,0.0,0
datasets/bright_scene_imgs/908.jpg,0.0,0
datasets/bright_scene_imgs/1230.jpg,0.0,0
datasets/bright_scene_imgs/1948.jpg,0.0,0
datasets/bright_scene_imgs/1641.jpg,0.0,0
datasets/bright_scene_imgs/711.jpg,0.0,0
datasets/bright_scene_imgs/2154.jpg,0.0,0
datasets/bright_scene_imgs/508.jpg,0.0,0
datasets/bright_scene_imgs/2987.jpg,0.0,0
datasets/bright_scene_imgs/1722.jpg,0.0,0
datasets/bright_scene_imgs/1762.jpg,0.0,0
datasets/bright_scene_imgs/608.jpg,0.0,0
datasets/bright_scene_imgs/335.jpg,0.0,0
datasets/bright_scene_imgs/1541.jpg,0.0,0
datasets/bright_scene_imgs/1895.jpg,0.0,0
datasets/bright_scene_imgs/226.jpg,0.0,0
datasets/bright_scene_imgs/2092.jpg,0.0,0
datasets/bright_scene_imgs/2980.jpg,0.0,0
datasets/bright_scene_imgs/2418.jpg,0.0,0
datasets/bright_scene_imgs/443.jpg,0.0,0
datasets/bright_scene_imgs/474.jpg,0.0,0
datasets/bright_scene_imgs/1954.jpg,0.0,0
datasets/bright_scene_imgs/1850.jpg,0.0,0
datasets/bright_scene_imgs/2883.jpg,0.0,0
datasets/bright_scene_imgs/681.jpg,0.0,0
datasets/bright_scene_imgs/2552.jpg,0.0,0
datasets/bright_scene_imgs/1199.jpg,0.0,0
datasets/bright_scene_imgs/2422.jpg,0.0,0
datasets/bright_scene_imgs/909.jpg,0.0,0
datasets/bright_scene_imgs/2920.jpg,0.0,0
datasets/bright_scene_imgs/1464.jpg,0.0,0
datasets/bright_scene_imgs/579.jpg,0.0,0
datasets/bright_scene_imgs/1897.jpg,0.0,0
datasets/bright_scene_imgs/1422.jpg,0.0,0
datasets/bright_scene_imgs/2293.jpg,0.0,0
datasets/bright_scene_imgs/2789.jpg,0.0,0
datasets/bright_scene_imgs/822.jpg,0.0,0
datasets/bright_scene_imgs/2216.jpg,0.0,0
datasets/bright_scene_imgs/2091.jpg,0.0,0
datasets/bright_scene_imgs/1462.jpg,0.0,0
datasets/bright_scene_imgs/2972.jpg,0.0,0
datasets/bright_scene_imgs/2215.jpg,0.0,0
datasets/bright_scene_imgs/2300.jpg,0.0,0
datasets/bright_scene_imgs/1319.jpg,0.0,0
datasets/bright_scene_imgs/305.jpg,0.0,0
datasets/bright_scene_imgs/1355.jpg,0.0,0
datasets/bright_scene_imgs/804.jpg,0.0,0
datasets/bright_scene_imgs/2238.jpg,0.0,0
datasets/bright_scene_imgs/1095.jpg,0.0,0
datasets/bright_scene_imgs/2994.jpg,0.0,0
datasets/bright_scene_imgs/2710.jpg,0.0,0
datasets/bright_scene_imgs/2625.jpg,0.0,0
datasets/bright_scene_imgs/2962.jpg,0.0,0
datasets/bright_scene_imgs/2890.jpg,0.0,0
datasets/bright_scene_imgs/1593.jpg,0.0,0
datasets/bright_scene_imgs/669.jpg,0.0,0
datasets/bright_scene_imgs/1497.jpg,0.0,0
datasets/bright_scene_imgs/1074.jpg,0.0,0
datasets/bright_scene_imgs/2295.jpg,0.0,0
datasets/bright_scene_imgs/1398.jpg,0.0,0
datasets/bright_scene_imgs/1901.jpg,0.0,0
datasets/bright_scene_imgs/1252.jpg,0.0,0
datasets/bright_scene_imgs/209.jpg,0.0,0
datasets/bright_scene_imgs/2385.jpg,0.0,0
datasets/bright_scene_imgs/241.jpg,0.0,0
datasets/bright_scene_imgs/1187.jpg,0.0,0
datasets/bright_scene_imgs/1102.jpg,0.0,0
datasets/bright_scene_imgs/1540.jpg,0.0,0
datasets/bright_scene_imgs/2615.jpg,0.0,0
datasets/bright_scene_imgs/2875.jpg,0.0,0
datasets/bright_scene_imgs/536.jpg,0.0,0
datasets/bright_scene_imgs/2656.jpg,0.0,0
datasets/bright_scene_imgs/607.jpg,0.0,0
datasets/bright_scene_imgs/1318.jpg,0.0,0
datasets/bright_scene_imgs/88.jpg,0.0,0
datasets/bright_scene_imgs/354.jpg,0.0,0
datasets/bright_scene_imgs/440.jpg,0.0,0
datasets/bright_scene_imgs/1352.jpg,0.0,0
datasets/bright_scene_imgs/1277.jpg,0.0,0
datasets/bright_scene_imgs/124.jpg,0.0,0
datasets/bright_scene_imgs/2919.jpg,0.0,0
datasets/bright_scene_imgs/867.jpg,0.0,0
datasets/bright_scene_imgs/857.jpg,0.0,0
datasets/bright_scene_imgs/1498.jpg,0.0,0
datasets/bright_scene_imgs/1674.jpg,0.0,0
datasets/bright_scene_imgs/1563.jpg,0.0,0
datasets/bright_scene_imgs/2577.jpg,0.0,0
datasets/bright_scene_imgs/1.jpg,0.0,0
datasets/bright_scene_imgs/713.jpg,0.0,0
datasets/bright_scene_imgs/2689.jpg,0.0,0
datasets/bright_scene_imgs/1890.jpg,0.0,0
datasets/bright_scene_imgs/1732.jpg,0.0,0
datasets/bright_scene_imgs/2319.jpg,0.0,0
datasets/bright_scene_imgs/1436.jpg,0.0,0
datasets/bright_scene_imgs/1562.jpg,0.0,0
datasets/bright_scene_imgs/2839.jpg,0.0,0
datasets/bright_scene_imgs/5.jpg,0.0,0
datasets/bright_scene_imgs/2005.jpg,0.0,0
datasets/bright_scene_imgs/2858.jpg,0.0,0
datasets/bright_scene_imgs/2657.jpg,0.0,0
datasets/bright_scene_imgs/2677.jpg,0.0,0
datasets/bright_scene_imgs/2558.jpg,0.0,0
datasets/bright_scene_imgs/2352.jpg,0.0,0
datasets/bright_scene_imgs/1411.jpg,0.0,0
datasets/bright_scene_imgs/1430.jpg,0.0,0
datasets/bright_scene_imgs/2804.jpg,0.0,0
datasets/bright_scene_imgs/1649.jpg,0.0,0
datasets/bright_scene_imgs/2136.jpg,0.0,0
datasets/bright_scene_imgs/1407.jpg,0.0,0
datasets/bright_scene_imgs/8.jpg,0.0,0
datasets/bright_scene_imgs/55.jpg,0.0,0
datasets/bright_scene_imgs/1358.jpg,0.0,0
datasets/bright_scene_imgs/237.jpg,0.0,0
datasets/bright_scene_imgs/2893.jpg,0.0,0
datasets/bright_scene_imgs/1271.jpg,0.0,0
datasets/bright_scene_imgs/407.jpg,0.0,0
datasets/bright_scene_imgs/2998.jpg,0.0,0
datasets/bright_scene_imgs/1075.jpg,0.0,0
datasets/bright_scene_imgs/2346.jpg,0.0,0
datasets/bright_scene_imgs/2455.jpg,0.0,0
datasets/bright_scene_imgs/348.jpg,0.0,0
datasets/bright_scene_imgs/2981.jpg,0.0,0
datasets/bright_scene_imgs/1571.jpg,0.0,0
datasets/bright_scene_imgs/1985.jpg,0.0,0
datasets/bright_scene_imgs/2085.jpg,0.0,0
datasets/bright_scene_imgs/2823.jpg,0.0,0
datasets/bright_scene_imgs/982.jpg,0.0,0
datasets/bright_scene_imgs/2044.jpg,0.0,0
datasets/bright_scene_imgs/498.jpg,0.0,0
datasets/bright_scene_imgs/2901.jpg,0.0,0
datasets/bright_scene_imgs/2504.jpg,0.0,0
datasets/bright_scene_imgs/978.jpg,0.0,0
datasets/bright_scene_imgs/1878.jpg,0.0,0
datasets/bright_scene_imgs/1179.jpg,0.0,0
datasets/bright_scene_imgs/2515.jpg,0.0,0
datasets/bright_scene_imgs/2277.jpg,0.0,0
datasets/bright_scene_imgs/1822.jpg,0.0,0
datasets/bright_scene_imgs/615.jpg,0.0,0
datasets/bright_scene_imgs/510.jpg,0.0,0
datasets/bright_scene_imgs/1618.jpg,0.0,0
datasets/bright_scene_imgs/1994.jpg,0.0,0
datasets/bright_scene_imgs/1197.jpg,0.0,0
datasets/bright_scene_imgs/548.jpg,0.0,0
datasets/bright_scene_imgs/2995.jpg,0.0,0
datasets/bright_scene_imgs/2831.jpg,0.0,0
datasets/bright_scene_imgs/2384.jpg,0.0,0
datasets/bright_scene_imgs/2867.jpg,0.0,0
datasets/bright_scene_imgs/1335.jpg,0.0,0
datasets/bright_scene_imgs/1207.jpg,0.0,0
datasets/bright_scene_imgs/2043.jpg,0.0,0
datasets/bright_scene_imgs/89.jpg,0.0,0
datasets/bright_scene_imgs/618.jpg,0.0,0
datasets/bright_scene_imgs/1233.jpg,0.0,0
datasets/bright_scene_imgs/1473.jpg,0.0,0
datasets/bright_scene_imgs/2616.jpg,0.0,0
datasets/bright_scene_imgs/1896.jpg,0.0,0
datasets/bright_scene_imgs/1452.jpg,0.0,0
datasets/bright_scene_imgs/2882.jpg,0.0,0
datasets/bright_scene_imgs/1371.jpg,0.0,0
datasets/bright_scene_imgs/2144.jpg,0.0,0
datasets/bright_scene_imgs/1849.jpg,0.0,0
datasets/bright_scene_imgs/2715.jpg,0.0,0
datasets/bright_scene_imgs/697.jpg,0.0,0
datasets/bright_scene_imgs/238.jpg,0.0,0
datasets/bright_scene_imgs/496.jpg,0.0,0
datasets/bright_scene_imgs/2746.jpg,0.0,0
datasets/bright_scene_imgs/1739.jpg,0.0,0
datasets/bright_scene_imgs/1151.jpg,0.0,0
datasets/bright_scene_imgs/1781.jpg,0.0,0
datasets/bright_scene_imgs/430.jpg,0.0,0
datasets/bright_scene_imgs/1554.jpg,0.0,0
datasets/bright_scene_imgs/1272.jpg,0.0,0
datasets/bright_scene_imgs/1402.jpg,0.0,0
datasets/bright_scene_imgs/1492.jpg,0.0,0
datasets/bright_scene_imgs/2473.jpg,0.0,0
datasets/bright_scene_imgs/946.jpg,0.0,0
datasets/bright_scene_imgs/87.jpg,0.0,0
datasets/bright_scene_imgs/1596.jpg,0.0,0
datasets/bright_scene_imgs/2658.jpg,0.0,0
datasets/bright_scene_imgs/2082.jpg,0.0,0
datasets/bright_scene_imgs/1971.jpg,0.677,1
datasets/bright_scene_imgs/279.jpg,0.67,1
datasets/bright_scene_imgs/34.jpg,0.241,1
datasets/bright_scene_imgs/1065.jpg,-0.464,1
datasets/bright_scene_imgs/2105.jpg,0.706,1
datasets/bright_scene_imgs/1127.jpg,-0.284,1
datasets/bright_scene_imgs/1092.jpg,-0.014,1
datasets/bright_scene_imgs/2001.jpg,0.237,1
datasets/bright_scene_imgs/503.jpg,0.108,1
datasets/bright_scene_imgs/1219.jpg,-0.859,1
datasets/bright_scene_imgs/147.jpg,0.314,1
datasets/bright_scene_imgs/117.jpg,-0.92,1
datasets/bright_scene_imgs/2686.jpg,-0.428,1
datasets/bright_scene_imgs/568.jpg,-0.581,1
datasets/bright_scene_imgs/1876.jpg,0.794,1
datasets/bright_scene_imgs/1614.jpg,-0.402,1
datasets/bright_scene_imgs/1522.jpg,0.2,1
datasets/bright_scene_imgs/2467.jpg,0.686,1
datasets/bright_scene_imgs/1560.jpg,0.579,1
datasets/bright_scene_imgs/2196.jpg,-0.409,1
datasets/bright_scene_imgs/1738.jpg,-0.87,1
datasets/bright_scene_imgs/412.jpg,0.0,1
datasets/bright_scene_imgs/2268.jpg,0.345,1
datasets/bright_scene_imgs/2227.jpg,-0.155,1
datasets/bright_scene_imgs/2556.jpg,0.271,1
datasets/bright_scene_imgs/1886.jpg,0.767,1
datasets/bright_scene_imgs/1249.jpg,-0.695,1
datasets/bright_scene_imgs/1523.jpg,-0.015,1
datasets/bright_scene_imgs/2509.jpg,-0.332,1
datasets/bright_scene_imgs/913.jpg,-0.153,1
datasets/bright_scene_imgs/844.jpg,-0.695,1
datasets/bright_scene_imgs/1827.jpg,0.804,1
datasets/bright_scene_imgs/2692.jpg,-0.221,1
datasets/bright_scene_imgs/1726.jpg,-0.749,1
datasets/bright_scene_imgs/1116.jpg,-0.065,1
datasets/bright_scene_imgs/2373.jpg,0.809,1
datasets/bright_scene_imgs/582.jpg,-0.548,1
datasets/bright_scene_imgs/902.jpg,-0.142,1
datasets/bright_scene_imgs/2571.jpg,0.459,1
datasets/bright_scene_imgs/2240.jpg,0.033,1
datasets/bright_scene_imgs/2119.jpg,0.76,1
datasets/bright_scene_imgs/2494.jpg,0.238,1
datasets/bright_scene_imgs/1071.jpg,-0.069,1
datasets/bright_scene_imgs/1124.jpg,-0.284,1
datasets/bright_scene_imgs/2380.jpg,0.347,1
datasets/bright_scene_imgs/1951.jpg,-0.524,1
datasets/bright_scene_imgs/2826.jpg,0.37,1
datasets/bright_scene_imgs/391.jpg,0.097,1
datasets/bright_scene_imgs/530.jpg,0.49,1
datasets/bright_scene_imgs/997.jpg,0.498,1
datasets/bright_scene_imgs/1036.jpg,0.678,1
datasets/bright_scene_imgs/1844.jpg,0.394,1
datasets/bright_scene_imgs/1685.jpg,-0.605,1
datasets/bright_scene_imgs/1190.jpg,-0.96,1
datasets/bright_scene_imgs/2466.jpg,0.618,1
datasets/bright_scene_imgs/435.jpg,0.427,1
datasets/bright_scene_imgs/876.jpg,-0.065,1
datasets/bright_scene_imgs/1669.jpg,0.652,1
datasets/bright_scene_imgs/39.jpg,-0.111,1
datasets/bright_scene_imgs/2506.jpg,0.135,1
datasets/bright_scene_imgs/1650.jpg,0.459,1
datasets/bright_scene_imgs/455.jpg,0.588,1
datasets/bright_scene_imgs/255.jpg,-0.785,1
datasets/bright_scene_imgs/775.jpg,-0.584,1
datasets/bright_scene_imgs/252.jpg,-0.819,1
datasets/bright_scene_imgs/1746.jpg,-0.721,1
datasets/bright_scene_imgs/2055.jpg,-0.574,1
datasets/bright_scene_imgs/1979.jpg,-0.702,1
datasets/bright_scene_imgs/2526.jpg,0.253,1
datasets/bright_scene_imgs/361.jpg,0.093,1
datasets/bright_scene_imgs/675.jpg,-0.34,1
datasets/bright_scene_imgs/2175.jpg,-0.239,1
datasets/bright_scene_imgs/1960.jpg,0.458,1
datasets/bright_scene_imgs/1073.jpg,-0.115,1
datasets/bright_scene_imgs/221.jpg,-0.111,1
datasets/bright_scene_imgs/2248.jpg,0.067,1
datasets/bright_scene_imgs/2684.jpg,-0.384,1
datasets/bright_scene_imgs/297.jpg,0.835,1
datasets/bright_scene_imgs/1208.jpg,-0.808,1
datasets/bright_scene_imgs/2741.jpg,-0.634,1
datasets/bright_scene_imgs/554.jpg,0.046,1
datasets/bright_scene_imgs/282.jpg,0.562,1
datasets/bright_scene_imgs/1223.jpg,-0.903,1
datasets/bright_scene_imgs/724.jpg,0.124,1
datasets/bright_scene_imgs/1789.jpg,-0.147,1
datasets/bright_scene_imgs/1605.jpg,-0.528,1
datasets/bright_scene_imgs/170.jpg,0.597,1
datasets/bright_scene_imgs/2910.jpg,0.176,1
datasets/bright_scene_imgs/1741.jpg,-0.878,1
datasets/bright_scene_imgs/2338.jpg,0.693,1
datasets/bright_scene_imgs/1110.jpg,0.029,1
datasets/bright_scene_imgs/2401.jpg,0.827,1
datasets/bright_scene_imgs/214.jpg,-0.245,1
datasets/bright_scene_imgs/2561.jpg,-0.677,1
datasets/bright_scene_imgs/2187.jpg,0.531,1
datasets/bright_scene_imgs/651.jpg,-0.681,1
datasets/bright_scene_imgs/334.jpg,0.291,1
datasets/bright_scene_imgs/738.jpg,0.075,1
datasets/bright_scene_imgs/48.jpg,0.142,1
datasets/bright_scene_imgs/2128.jpg,0.855,1
datasets/bright_scene_imgs/340.jpg,0.114,1
datasets/bright_scene_imgs/139.jpg,0.127,1
datasets/bright_scene_imgs/2768.jpg,-0.639,1
datasets/bright_scene_imgs/925.jpg,0.624,1
datasets/bright_scene_imgs/1287.jpg,-0.298,1
datasets/bright_scene_imgs/659.jpg,-0.705,1
datasets/bright_scene_imgs/358.jpg,0.0,1
datasets/bright_scene_imgs/948.jpg,0.571,1
datasets/bright_scene_imgs/2410.jpg,0.748,1
datasets/bright_scene_imgs/953.jpg,0.613,1
datasets/bright_scene_imgs/2023.jpg,0.831,1
datasets/bright_scene_imgs/2331.jpg,0.776,1
datasets/bright_scene_imgs/842.jpg,-0.697,1
datasets/bright_scene_imgs/1990.jpg,-0.588,1
datasets/bright_scene_imgs/2039.jpg,0.792,1
datasets/bright_scene_imgs/2341.jpg,0.627,1
datasets/bright_scene_imgs/1120.jpg,-0.509,1
datasets/bright_scene_imgs/38.jpg,-0.098,1
datasets/bright_scene_imgs/2282.jpg,0.285,1
datasets/bright_scene_imgs/597.jpg,-0.437,1
datasets/bright_scene_imgs/229.jpg,-0.19,1
datasets/bright_scene_imgs/790.jpg,-0.72,1
datasets/bright_scene_imgs/570.jpg,-0.58,1
datasets/bright_scene_imgs/2061.jpg,0.857,1
datasets/bright_scene_imgs/1601.jpg,0.253,1
datasets/bright_scene_imgs/121.jpg,-0.852,1
datasets/bright_scene_imgs/265.jpg,-0.363,1
datasets/bright_scene_imgs/538.jpg,0.464,1
datasets/bright_scene_imgs/1044.jpg,-0.133,1
datasets/bright_scene_imgs/2449.jpg,0.762,1
datasets/bright_scene_imgs/1943.jpg,0.627,1
datasets/bright_scene_imgs/2562.jpg,-0.715,1
datasets/bright_scene_imgs/2365.jpg,0.451,1
datasets/bright_scene_imgs/2856.jpg,-0.815,1
datasets/bright_scene_imgs/583.jpg,-0.648,1
datasets/bright_scene_imgs/2159.jpg,0.818,1
datasets/bright_scene_imgs/1210.jpg,-0.794,1
datasets/bright_scene_imgs/848.jpg,-0.678,1
datasets/bright_scene_imgs/940.jpg,0.836,1
datasets/bright_scene_imgs/2000.jpg,0.054,1
datasets/bright_scene_imgs/92.jpg,-0.695,1
datasets/bright_scene_imgs/373.jpg,0.102,1
datasets/bright_scene_imgs/1845.jpg,0.446,1
datasets/bright_scene_imgs/1217.jpg,-0.865,1
datasets/bright_scene_imgs/2086.jpg,0.683,1
datasets/bright_scene_imgs/2769.jpg,-0.622,1
datasets/bright_scene_imgs/1712.jpg,-0.867,1
datasets/bright_scene_imgs/1863.jpg,0.693,1
datasets/bright_scene_imgs/825.jpg,-0.859,1
datasets/bright_scene_imgs/1529.jpg,-0.238,1
datasets/bright_scene_imgs/1905.jpg,-0.101,1
datasets/bright_scene_imgs/2597.jpg,0.473,1
datasets/bright_scene_imgs/789.jpg,-0.623,1
datasets/bright_scene_imgs/175.jpg,0.67,1
datasets/bright_scene_imgs/2629.jpg,-0.704,1
datasets/bright_scene_imgs/330.jpg,0.405,1
datasets/bright_scene_imgs/289.jpg,0.812,1
datasets/bright_scene_imgs/290.jpg,0.771,1
datasets/bright_scene_imgs/1559.jpg,0.625,1
datasets/bright_scene_imgs/666.jpg,-0.58,1
datasets/bright_scene_imgs/2123.jpg,0.802,1
datasets/bright_scene_imgs/2713.jpg,-0.693,1
datasets/bright_scene_imgs/1374.jpg,-0.432,1
datasets/bright_scene_imgs/245.jpg,-0.562,1
datasets/bright_scene_imgs/621.jpg,0.091,1
datasets/bright_scene_imgs/1671.jpg,0.651,1
datasets/bright_scene_imgs/2836.jpg,-0.606,1
datasets/bright_scene_imgs/1673.jpg,0.664,1
datasets/bright_scene_imgs/1870.jpg,0.456,1
datasets/bright_scene_imgs/2412.jpg,0.802,1
datasets/bright_scene_imgs/500.jpg,0.122,1
datasets/bright_scene_imgs/1662.jpg,-0.362,1
datasets/bright_scene_imgs/652.jpg,-0.668,1
datasets/bright_scene_imgs/815.jpg,-0.821,1
datasets/bright_scene_imgs/2520.jpg,0.106,1
datasets/bright_scene_imgs/1055.jpg,-0.287,1
datasets/bright_scene_imgs/1043.jpg,0.153,1
datasets/bright_scene_imgs/2130.jpg,0.954,1
datasets/bright_scene_imgs/2750.jpg,-0.43,1
datasets/bright_scene_imgs/1919.jpg,0.481,1
datasets/bright_scene_imgs/955.jpg,0.629,1
datasets/bright_scene_imgs/1637.jpg,0.464,1
datasets/bright_scene_imgs/2276.jpg,0.19,1
datasets/bright_scene_imgs/734.jpg,-0.109,1
datasets/bright_scene_imgs/2572.jpg,0.405,1
datasets/bright_scene_imgs/2918.jpg,-0.448,1
datasets/bright_scene_imgs/2916.jpg,-0.393,1
datasets/bright_scene_imgs/2539.jpg,0.313,1
datasets/bright_scene_imgs/2409.jpg,0.727,1
datasets/bright_scene_imgs/1760.jpg,-0.227,1
datasets/bright_scene_imgs/1034.jpg,0.618,1
datasets/bright_scene_imgs/1392.jpg,-0.401,1
datasets/bright_scene_imgs/2661.jpg,0.091,1
datasets/bright_scene_imgs/1599.jpg,0.366,1
datasets/bright_scene_imgs/1375.jpg,-0.666,1
datasets/bright_scene_imgs/972.jpg,0.346,1
datasets/bright_scene_imgs/2448.jpg,0.751,1
datasets/bright_scene_imgs/938.jpg,0.77,1
datasets/bright_scene_imgs/1229.jpg,-0.852,1
datasets/bright_scene_imgs/2379.jpg,0.439,1
datasets/bright_scene_imgs/677.jpg,-0.315,1
datasets/bright_scene_imgs/2872.jpg,0.442,1
datasets/bright_scene_imgs/314.jpg,0.757,1
datasets/bright_scene_imgs/1935.jpg,0.738,1
datasets/bright_scene_imgs/912.jpg,-0.182,1
datasets/bright_scene_imgs/2822.jpg,0.563,1
datasets/bright_scene_imgs/778.jpg,-0.4,1
datasets/bright_scene_imgs/167.jpg,0.644,1
datasets/bright_scene_imgs/2029.jpg,-0.496,1
datasets/bright_scene_imgs/745.jpg,0.298,1
datasets/bright_scene_imgs/56.jpg,-0.322,1
datasets/bright_scene_imgs/2028.jpg,-0.318,1
datasets/bright_scene_imgs/2103.jpg,0.666,1
datasets/bright_scene_imgs/1383.jpg,-0.588,1
datasets/bright_scene_imgs/1813.jpg,0.535,1
datasets/bright_scene_imgs/2048.jpg,0.86,1
datasets/bright_scene_imgs/610.jpg,0.149,1
datasets/bright_scene_imgs/643.jpg,0.083,1
datasets/bright_scene_imgs/2510.jpg,-0.313,1
datasets/bright_scene_imgs/2719.jpg,-0.852,1
datasets/bright_scene_imgs/1058.jpg,-0.582,1
datasets/bright_scene_imgs/744.jpg,0.217,1
datasets/bright_scene_imgs/1590.jpg,0.357,1
datasets/bright_scene_imgs/2853.jpg,-0.833,1
datasets/bright_scene_imgs/1933.jpg,0.506,1
datasets/bright_scene_imgs/581.jpg,-0.432,1
datasets/bright_scene_imgs/679.jpg,-0.203,1
datasets/bright_scene_imgs/2935.jpg,-0.611,1
datasets/bright_scene_imgs/1719.jpg,-0.924,1
datasets/bright_scene_imgs/663.jpg,-0.638,1
datasets/bright_scene_imgs/2538.jpg,0.273,1
datasets/bright_scene_imgs/2758.jpg,-0.082,1
datasets/bright_scene_imgs/2683.jpg,-0.5,1
datasets/bright_scene_imgs/2734.jpg,-0.412,1
datasets/bright_scene_imgs/1079.jpg,-0.316,1
datasets/bright_scene_imgs/869.jpg,-0.077,1
datasets/bright_scene_imgs/887.jpg,0.068,1
datasets/bright_scene_imgs/313.jpg,0.785,1
datasets/bright_scene_imgs/1215.jpg,-0.843,1
datasets/bright_scene_imgs/276.jpg,0.578,1
datasets/bright_scene_imgs/2417.jpg,0.754,1
datasets/bright_scene_imgs/1246.jpg,-0.736,1
datasets/bright_scene_imgs/1096.jpg,0.346,1
datasets/bright_scene_imgs/1202.jpg,-0.903,1
datasets/bright_scene_imgs/2645.jpg,0.082,1
datasets/bright_scene_imgs/2402.jpg,0.835,1
datasets/bright_scene_imgs/2685.jpg,-0.483,1
datasets/bright_scene_imgs/694.jpg,0.0,1
datasets/bright_scene_imgs/1557.jpg,0.83,1
datasets/bright_scene_imgs/2574.jpg,0.444,1
datasets/bright_scene_imgs/344.jpg,0.0,1
datasets/bright_scene_imgs/1567.jpg,0.528,1
datasets/bright_scene_imgs/1914.jpg,0.53,1
datasets/bright_scene_imgs/569.jpg,-0.581,1
datasets/bright_scene_imgs/2440.jpg,0.711,1
datasets/bright_scene_imgs/689.jpg,-0.365,1
datasets/bright_scene_imgs/478.jpg,0.1,1
datasets/bright_scene_imgs/301.jpg,0.948,1
datasets/bright_scene_imgs/2237.jpg,0.161,1
datasets/bright_scene_imgs/1100.jpg,0.369,1
datasets/bright_scene_imgs/1707.jpg,-0.908,1
datasets/bright_scene_imgs/1977.jpg,-0.521,1
datasets/bright_scene_imgs/1774.jpg,0.222,1
datasets/bright_scene_imgs/1622.jpg,0.224,1
datasets/bright_scene_imgs/483.jpg,0.278,1
datasets/bright_scene_imgs/2233.jpg,0.224,1
datasets/bright_scene_imgs/2806.jpg,-0.574,1
datasets/bright_scene_imgs/733.jpg,-0.15,1
datasets/bright_scene_imgs/2389.jpg,0.743,1
datasets/bright_scene_imgs/2413.jpg,0.809,1
datasets/bright_scene_imgs/1944.jpg,0.663,1
datasets/bright_scene_imgs/1756.jpg,-0.504,1
datasets/bright_scene_imgs/193.jpg,-0.773,1
datasets/bright_scene_imgs/2457.jpg,0.678,1
datasets/bright_scene_imgs/1918.jpg,0.513,1
datasets/bright_scene_imgs/2072.jpg,0.734,1
datasets/bright_scene_imgs/1660.jpg,-0.542,1
datasets/bright_scene_imgs/2887.jpg,-0.681,1
datasets/bright_scene_imgs/1825.jpg,0.678,1
datasets/bright_scene_imgs/1769.jpg,-0.166,1
datasets/bright_scene_imgs/766.jpg,-0.579,1
datasets/bright_scene_imgs/360.jpg,-0.064,1
datasets/bright_scene_imgs/1653.jpg,0.359,1
datasets/bright_scene_imgs/118.jpg,-0.862,1
datasets/bright_scene_imgs/2357.jpg,0.499,1
datasets/bright_scene_imgs/1177.jpg,-0.656,1
datasets/bright_scene_imgs/1201.jpg,-0.889,1
datasets/bright_scene_imgs/2885.jpg,-0.761,1
datasets/bright_scene_imgs/747.jpg,0.353,1
datasets/bright_scene_imgs/2426.jpg,0.63,1
datasets/bright_scene_imgs/2507.jpg,-0.09,1
datasets/bright_scene_imgs/106.jpg,-0.373,1
datasets/bright_scene_imgs/1778.jpg,0.619,1
datasets/bright_scene_imgs/60.jpg,-0.477,1
datasets/bright_scene_imgs/1582.jpg,-0.373,1
datasets/bright_scene_imgs/1129.jpg,-0.239,1
datasets/bright_scene_imgs/2702.jpg,-0.223,1
datasets/bright_scene_imgs/494.jpg,0.261,1
datasets/bright_scene_imgs/2308.jpg,-0.229,1
datasets/bright_scene_imgs/69.jpg,-0.378,1
datasets/bright_scene_imgs/2736.jpg,-0.498,1
datasets/bright_scene_imgs/2783.jpg,0.024,1
datasets/bright_scene_imgs/602.jpg,-0.145,1
datasets/bright_scene_imgs/771.jpg,-0.666,1
datasets/bright_scene_imgs/903.jpg,-0.147,1
datasets/bright_scene_imgs/267.jpg,-0.434,1
datasets/bright_scene_imgs/2213.jpg,-0.104,1
datasets/bright_scene_imgs/1530.jpg,-0.211,1
datasets/bright_scene_imgs/2014.jpg,-0.785,1
datasets/bright_scene_imgs/990.jpg,0.484,1
datasets/bright_scene_imgs/1212.jpg,-0.811,1
datasets/bright_scene_imgs/2491.jpg,0.221,1
datasets/bright_scene_imgs/2899.jpg,-0.284,1
datasets/bright_scene_imgs/2094.jpg,-0.115,1
datasets/bright_scene_imgs/2323.jpg,0.497,1
datasets/bright_scene_imgs/2446.jpg,0.753,1
datasets/bright_scene_imgs/2207.jpg,0.348,1
datasets/bright_scene_imgs/1829.jpg,0.84,1
datasets/bright_scene_imgs/2375.jpg,0.678,1
datasets/bright_scene_imgs/1670.jpg,0.628,1
datasets/bright_scene_imgs/1220.jpg,-0.848,1
datasets/bright_scene_imgs/26.jpg,0.715,1
datasets/bright_scene_imgs/158.jpg,0.369,1
datasets/bright_scene_imgs/2310.jpg,-0.496,1
datasets/bright_scene_imgs/710.jpg,0.262,1
datasets/bright_scene_imgs/1727.jpg,-0.659,1
datasets/bright_scene_imgs/1853.jpg,-0.805,1
datasets/bright_scene_imgs/1872.jpg,0.687,1
datasets/bright_scene_imgs/2062.jpg,0.862,1
datasets/bright_scene_imgs/2563.jpg,-0.528,1
datasets/bright_scene_imgs/699.jpg,0.174,1
datasets/bright_scene_imgs/573.jpg,-0.516,1
datasets/bright_scene_imgs/502.jpg,0.102,1
datasets/bright_scene_imgs/2383.jpg,0.622,1
datasets/bright_scene_imgs/350.jpg,0.115,1
datasets/bright_scene_imgs/565.jpg,-0.409,1
datasets/bright_scene_imgs/727.jpg,0.059,1
datasets/bright_scene_imgs/1942.jpg,0.588,1
datasets/bright_scene_imgs/2628.jpg,-0.815,1
datasets/bright_scene_imgs/773.jpg,-0.567,1
datasets/bright_scene_imgs/493.jpg,0.197,1
datasets/bright_scene_imgs/49.jpg,0.055,1
datasets/bright_scene_imgs/256.jpg,-0.756,1
datasets/bright_scene_imgs/2925.jpg,-0.713,1
datasets/bright_scene_imgs/2523.jpg,0.367,1
datasets/bright_scene_imgs/1024.jpg,0.537,1
datasets/bright_scene_imgs/1652.jpg,0.384,1
datasets/bright_scene_imgs/589.jpg,-0.544,1
datasets/bright_scene_imgs/2643.jpg,0.125,1
datasets/bright_scene_imgs/488.jpg,0.264,1
datasets/bright_scene_imgs/1740.jpg,-0.88,1
datasets/bright_scene_imgs/2309.jpg,-0.409,1
datasets/bright_scene_imgs/1576.jpg,-0.203,1
datasets/bright_scene_imgs/220.jpg,-0.128,1
datasets/bright_scene_imgs/266.jpg,-0.41,1
datasets/bright_scene_imgs/1903.jpg,-0.128,1
datasets/bright_scene_imgs/546.jpg,-0.435,1
datasets/bright_scene_imgs/351.jpg,0.037,1
datasets/bright_scene_imgs/1981.jpg,-0.644,1
datasets/bright_scene_imgs/2021.jpg,0.698,1
datasets/bright_scene_imgs/1820.jpg,0.048,1
datasets/bright_scene_imgs/2909.jpg,0.195,1
datasets/bright_scene_imgs/132.jpg,-0.767,1
datasets/bright_scene_imgs/737.jpg,-0.376,1
datasets/bright_scene_imgs/157.jpg,0.225,1
datasets/bright_scene_imgs/2641.jpg,0.251,1
datasets/bright_scene_imgs/926.jpg,0.597,1
datasets/bright_scene_imgs/294.jpg,0.858,1
datasets/bright_scene_imgs/2089.jpg,0.684,1
datasets/bright_scene_imgs/718.jpg,0.207,1
datasets/bright_scene_imgs/2498.jpg,0.186,1
datasets/bright_scene_imgs/2704.jpg,-0.098,1
datasets/bright_scene_imgs/622.jpg,0.245,1
datasets/bright_scene_imgs/393.jpg,-0.026,1
datasets/bright_scene_imgs/1927.jpg,-0.23,1
datasets/bright_scene_imgs/646.jpg,-0.703,1
datasets/bright_scene_imgs/2283.jpg,0.411,1
datasets/bright_scene_imgs/668.jpg,-0.502,1
datasets/bright_scene_imgs/660.jpg,-0.71,1
datasets/bright_scene_imgs/1222.jpg,-0.918,1
datasets/bright_scene_imgs/2015.jpg,-0.628,1
datasets/bright_scene_imgs/2347.jpg,0.351,1
datasets/bright_scene_imgs/1887.jpg,0.901,1
datasets/bright_scene_imgs/1025.jpg,0.634,1
datasets/bright_scene_imgs/559.jpg,-0.268,1
datasets/bright_scene_imgs/2351.jpg,0.313,1
datasets/bright_scene_imgs/841.jpg,-0.721,1
datasets/bright_scene_imgs/2064.jpg,0.888,1
datasets/bright_scene_imgs/325.jpg,0.219,1
datasets/bright_scene_imgs/2122.jpg,0.785,1
datasets/bright_scene_imgs/188.jpg,-0.711,1
datasets/bright_scene_imgs/2112.jpg,0.115,1
datasets/bright_scene_imgs/341.jpg,0.0,1
datasets/bright_scene_imgs/1386.jpg,-0.336,1
datasets/bright_scene_imgs/2332.jpg,0.681,1
datasets/bright_scene_imgs/1059.jpg,-0.57,1
datasets/bright_scene_imgs/216.jpg,-0.154,1
datasets/bright_scene_imgs/2820.jpg,0.575,1
datasets/bright_scene_imgs/2269.jpg,0.221,1
datasets/bright_scene_imgs/1676.jpg,-0.306,1
datasets/bright_scene_imgs/1634.jpg,0.385,1
datasets/bright_scene_imgs/1550.jpg,0.0,1
datasets/bright_scene_imgs/845.jpg,-0.673,1
datasets/bright_scene_imgs/2372.jpg,0.845,1
datasets/bright_scene_imgs/2631.jpg,-0.525,1
datasets/bright_scene_imgs/2888.jpg,-0.546,1
datasets/bright_scene_imgs/2088.jpg,0.659,1
datasets/bright_scene_imgs/1228.jpg,-0.836,1
datasets/bright_scene_imgs/767.jpg,-0.74,1
datasets/bright_scene_imgs/1996.jpg,0.0,1
datasets/bright_scene_imgs/2322.jpg,0.506,1
datasets/bright_scene_imgs/2691.jpg,-0.197,1
datasets/bright_scene_imgs/2881.jpg,-0.232,1
datasets/bright_scene_imgs/1777.jpg,0.502,1
datasets/bright_scene_imgs/2705.jpg,-0.112,1
datasets/bright_scene_imgs/2533.jpg,-0.179,1
datasets/bright_scene_imgs/2046.jpg,0.731,1
datasets/bright_scene_imgs/2071.jpg,0.74,1
datasets/bright_scene_imgs/1854.jpg,-0.655,1
datasets/bright_scene_imgs/1078.jpg,-0.418,1
datasets/bright_scene_imgs/2236.jpg,0.159,1
datasets/bright_scene_imgs/1023.jpg,0.556,1
datasets/bright_scene_imgs/359.jpg,-0.227,1
datasets/bright_scene_imgs/2096.jpg,0.341,1
datasets/bright_scene_imgs/24.jpg,0.765,1
datasets/bright_scene_imgs/332.jpg,0.339,1
datasets/bright_scene_imgs/131.jpg,-0.896,1
datasets/bright_scene_imgs/1098.jpg,0.428,1
datasets/bright_scene_imgs/460.jpg,0.559,1
datasets/bright_scene_imgs/1709.jpg,-0.842,1
datasets/bright_scene_imgs/2475.jpg,0.749,1
datasets/bright_scene_imgs/2124.jpg,0.808,1
datasets/bright_scene_imgs/2477.jpg,0.579,1
datasets/bright_scene_imgs/523.jpg,0.734,1
datasets/bright_scene_imgs/204.jpg,-0.608,1
datasets/bright_scene_imgs/864.jpg,-0.425,1
datasets/bright_scene_imgs/299.jpg,0.896,1
datasets/bright_scene_imgs/2667.jpg,0.018,1
datasets/bright_scene_imgs/2281.jpg,0.248,1
datasets/bright_scene_imgs/814.jpg,-0.836,1
datasets/bright_scene_imgs/2063.jpg,0.888,1
datasets/bright_scene_imgs/1811.jpg,0.501,1
datasets/bright_scene_imgs/781.jpg,-0.363,1
datasets/bright_scene_imgs/705.jpg,0.412,1
datasets/bright_scene_imgs/1056.jpg,-0.371,1
datasets/bright_scene_imgs/1816.jpg,0.278,1
datasets/bright_scene_imgs/524.jpg,0.73,1
datasets/bright_scene_imgs/472.jpg,0.311,1
datasets/bright_scene_imgs/1855.jpg,-0.76,1
datasets/bright_scene_imgs/2852.jpg,-0.844,1
datasets/bright_scene_imgs/780.jpg,-0.428,1
datasets/bright_scene_imgs/1606.jpg,-0.53,1
datasets/bright_scene_imgs/1907.jpg,0.137,1
datasets/bright_scene_imgs/748.jpg,0.375,1
datasets/bright_scene_imgs/769.jpg,-0.806,1
datasets/bright_scene_imgs/1864.jpg,0.813,1
datasets/bright_scene_imgs/2699.jpg,-0.397,1
datasets/bright_scene_imgs/2534.jpg,-0.14,1
datasets/bright_scene_imgs/491.jpg,0.13,1
datasets/bright_scene_imgs/1787.jpg,-0.224,1
datasets/bright_scene_imgs/1728.jpg,-0.739,1
datasets/bright_scene_imgs/2414.jpg,0.801,1
datasets/bright_scene_imgs/298.jpg,0.859,1
datasets/bright_scene_imgs/2002.jpg,0.212,1
datasets/bright_scene_imgs/1729.jpg,-0.818,1
datasets/bright_scene_imgs/795.jpg,-0.796,1
datasets/bright_scene_imgs/701.jpg,0.658,1
datasets/bright_scene_imgs/468.jpg,0.411,1
datasets/bright_scene_imgs/2111.jpg,0.117,1
datasets/bright_scene_imgs/2701.jpg,-0.381,1
datasets/bright_scene_imgs/1227.jpg,-0.771,1
datasets/bright_scene_imgs/834.jpg,-0.675,1
datasets/bright_scene_imgs/1788.jpg,-0.199,1
datasets/bright_scene_imgs/66.jpg,-0.314,1
datasets/bright_scene_imgs/501.jpg,0.1,1
datasets/bright_scene_imgs/2399.jpg,0.85,1
datasets/bright_scene_imgs/270.jpg,-0.367,1
datasets/bright_scene_imgs/2166.jpg,0.427,1
datasets/bright_scene_imgs/2785.jpg,0.18,1
datasets/bright_scene_imgs/378.jpg,-0.045,1
datasets/bright_scene_imgs/2052.jpg,-0.572,1
datasets/bright_scene_imgs/811.jpg,-0.836,1
datasets/bright_scene_imgs/2220.jpg,0.335,1
datasets/bright_scene_imgs/1184.jpg,-0.987,1
datasets/bright_scene_imgs/2484.jpg,0.275,1
datasets/bright_scene_imgs/2854.jpg,-0.847,1
datasets/bright_scene_imgs/207.jpg,-0.601,1
datasets/bright_scene_imgs/827.jpg,-0.761,1
datasets/bright_scene_imgs/208.jpg,-0.579,1
datasets/bright_scene_imgs/293.jpg,0.829,1
datasets/bright_scene_imgs/934.jpg,0.82,1
datasets/bright_scene_imgs/1940.jpg,0.679,1
datasets/bright_scene_imgs/2748.jpg,-0.345,1
datasets/bright_scene_imgs/2398.jpg,0.798,1
datasets/bright_scene_imgs/2007.jpg,0.482,1
datasets/bright_scene_imgs/1786.jpg,-0.249,1
datasets/bright_scene_imgs/936.jpg,0.873,1
datasets/bright_scene_imgs/2118.jpg,0.711,1
datasets/bright_scene_imgs/688.jpg,-0.425,1
datasets/bright_scene_imgs/35.jpg,0.058,1
datasets/bright_scene_imgs/1871.jpg,0.606,1
datasets/bright_scene_imgs/2012.jpg,-0.568,1
datasets/bright_scene_imgs/1645.jpg,-0.342,1
datasets/bright_scene_imgs/719.jpg,0.213,1
datasets/bright_scene_imgs/1565.jpg,0.649,1
datasets/bright_scene_imgs/1716.jpg,-0.847,1
datasets/bright_scene_imgs/709.jpg,0.276,1
datasets/bright_scene_imgs/986.jpg,0.186,1
datasets/bright_scene_imgs/2821.jpg,0.626,1
datasets/bright_scene_imgs/520.jpg,0.916,1
datasets/bright_scene_imgs/923.jpg,0.437,1
datasets/bright_scene_imgs/1880.jpg,0.47,1
datasets/bright_scene_imgs/1643.jpg,-0.428,1
datasets/bright_scene_imgs/761.jpg,0.31,1
datasets/bright_scene_imgs/2851.jpg,-0.672,1
datasets/bright_scene_imgs/228.jpg,-0.301,1
datasets/bright_scene_imgs/2185.jpg,0.342,1
datasets/bright_scene_imgs/327.jpg,0.29,1
datasets/bright_scene_imgs/1062.jpg,-0.648,1
datasets/bright_scene_imgs/369.jpg,0.356,1
datasets/bright_scene_imgs/37.jpg,-0.036,1
datasets/bright_scene_imgs/2662.jpg,0.023,1
datasets/bright_scene_imgs/318.jpg,0.822,1
datasets/bright_scene_imgs/768.jpg,-0.619,1
datasets/bright_scene_imgs/1717.jpg,-0.819,1
datasets/bright_scene_imgs/247.jpg,-0.563,1
datasets/bright_scene_imgs/2843.jpg,0.896,1
datasets/bright_scene_imgs/203.jpg,-0.641,1
datasets/bright_scene_imgs/2242.jpg,-0.025,1
datasets/bright_scene_imgs/2176.jpg,-0.276,1
datasets/bright_scene_imgs/1119.jpg,-0.588,1
datasets/bright_scene_imgs/406.jpg,0.037,1
datasets/bright_scene_imgs/1209.jpg,-0.785,1
datasets/bright_scene_imgs/1749.jpg,-0.676,1
datasets/bright_scene_imgs/863.jpg,-0.411,1
datasets/bright_scene_imgs/22.jpg,0.773,1
datasets/bright_scene_imgs/872.jpg,-0.121,1
datasets/bright_scene_imgs/692.jpg,-0.322,1
datasets/bright_scene_imgs/574.jpg,-0.452,1
datasets/bright_scene_imgs/680.jpg,0.0,1
datasets/bright_scene_imgs/739.jpg,0.225,1
datasets/bright_scene_imgs/2109.jpg,0.0,1
datasets/bright_scene_imgs/2438.jpg,0.721,1
datasets/bright_scene_imgs/871.jpg,-0.105,1
datasets/bright_scene_imgs/995.jpg,0.412,1
datasets/bright_scene_imgs/466.jpg,0.499,1
datasets/bright_scene_imgs/1064.jpg,-0.472,1
datasets/bright_scene_imgs/1382.jpg,-0.712,1
datasets/bright_scene_imgs/329.jpg,0.294,1
datasets/bright_scene_imgs/2250.jpg,0.093,1
datasets/bright_scene_imgs/2622.jpg,0.0,1
datasets/bright_scene_imgs/1843.jpg,0.348,1
datasets/bright_scene_imgs/702.jpg,0.552,1
datasets/bright_scene_imgs/2642.jpg,0.251,1
datasets/bright_scene_imgs/806.jpg,-0.709,1
datasets/bright_scene_imgs/531.jpg,0.504,1
datasets/bright_scene_imgs/754.jpg,0.044,1
datasets/bright_scene_imgs/2149.jpg,0.596,1
datasets/bright_scene_imgs/900.jpg,-0.197,1
datasets/bright_scene_imgs/1240.jpg,-0.847,1
datasets/bright_scene_imgs/2653.jpg,0.359,1
datasets/bright_scene_imgs/506.jpg,0.119,1
datasets/bright_scene_imgs/470.jpg,0.347,1
datasets/bright_scene_imgs/168.jpg,0.588,1
datasets/bright_scene_imgs/261.jpg,-0.514,1
datasets/bright_scene_imgs/380.jpg,0.022,1
datasets/bright_scene_imgs/2464.jpg,0.588,1
datasets/bright_scene_imgs/1592.jpg,0.56,1
datasets/bright_scene_imgs/2485.jpg,0.263,1
datasets/bright_scene_imgs/1125.jpg,-0.291,1
datasets/bright_scene_imgs/611.jpg,0.124,1
datasets/bright_scene_imgs/316.jpg,0.77,1
datasets/bright_scene_imgs/2579.jpg,-0.203,1
datasets/bright_scene_imgs/1817.jpg,0.104,1
datasets/bright_scene_imgs/352.jpg,0.0,1
datasets/bright_scene_imgs/374.jpg,0.046,1
datasets/bright_scene_imgs/687.jpg,-0.498,1
datasets/bright_scene_imgs/2302.jpg,0.422,1
datasets/bright_scene_imgs/1768.jpg,-0.16,1
datasets/bright_scene_imgs/740.jpg,0.229,1
datasets/bright_scene_imgs/343.jpg,-0.038,1
datasets/bright_scene_imgs/2150.jpg,0.605,1
datasets/bright_scene_imgs/2337.jpg,0.702,1
datasets/bright_scene_imgs/1057.jpg,-0.486,1
datasets/bright_scene_imgs/2348.jpg,0.487,1
datasets/bright_scene_imgs/947.jpg,0.675,1
datasets/bright_scene_imgs/2219.jpg,0.313,1
datasets/bright_scene_imgs/862.jpg,-0.251,1
datasets/bright_scene_imgs/2303.jpg,0.361,1
datasets/bright_scene_imgs/1026.jpg,0.744,1
datasets/bright_scene_imgs/395.jpg,0.0,1
datasets/bright_scene_imgs/218.jpg,-0.165,1
datasets/bright_scene_imgs/698.jpg,0.134,1
datasets/bright_scene_imgs/623.jpg,0.261,1
datasets/bright_scene_imgs/809.jpg,-0.815,1
datasets/bright_scene_imgs/127.jpg,-0.684,1
datasets/bright_scene_imgs/1019.jpg,0.735,1
datasets/bright_scene_imgs/61.jpg,-0.496,1
datasets/bright_scene_imgs/2478.jpg,0.527,1
datasets/bright_scene_imgs/2307.jpg,-0.098,1
datasets/bright_scene_imgs/70.jpg,-0.333,1
datasets/bright_scene_imgs/1274.jpg,-0.464,1
datasets/bright_scene_imgs/1218.jpg,-0.865,1
datasets/bright_scene_imgs/2531.jpg,-0.103,1
datasets/bright_scene_imgs/77.jpg,-0.233,1
datasets/bright_scene_imgs/1051.jpg,-0.071,1
datasets/bright_scene_imgs/2184.jpg,0.284,1
datasets/bright_scene_imgs/1677.jpg,-0.42,1
datasets/bright_scene_imgs/591.jpg,-0.322,1
datasets/bright_scene_imgs/1629.jpg,-0.941,1
datasets/bright_scene_imgs/2937.jpg,-0.599,1
datasets/bright_scene_imgs/1600.jpg,0.379,1
datasets/bright_scene_imgs/873.jpg,-0.258,1
datasets/bright_scene_imgs/830.jpg,-0.6,1
datasets/bright_scene_imgs/1384.jpg,-0.425,1
datasets/bright_scene_imgs/755.jpg,0.095,1
datasets/bright_scene_imgs/2147.jpg,0.72,1
datasets/bright_scene_imgs/2733.jpg,-0.568,1
datasets/bright_scene_imgs/2249.jpg,0.097,1
datasets/bright_scene_imgs/1797.jpg,0.607,1
datasets/bright_scene_imgs/174.jpg,0.744,1
datasets/bright_scene_imgs/246.jpg,-0.595,1
datasets/bright_scene_imgs/1882.jpg,0.476,1
datasets/bright_scene_imgs/1564.jpg,0.639,1
datasets/bright_scene_imgs/2612.jpg,0.209,1
datasets/bright_scene_imgs/1644.jpg,-0.393,1
datasets/bright_scene_imgs/2177.jpg,-0.257,1
datasets/bright_scene_imgs/1916.jpg,0.636,1
datasets/bright_scene_imgs/726.jpg,0.107,1
datasets/bright_scene_imgs/1730.jpg,-0.794,1
datasets/bright_scene_imgs/2148.jpg,0.7,1
datasets/bright_scene_imgs/647.jpg,-0.658,1
datasets/bright_scene_imgs/1090.jpg,-0.013,1
datasets/bright_scene_imgs/1770.jpg,-0.192,1
datasets/bright_scene_imgs/1009.jpg,0.509,1
datasets/bright_scene_imgs/2022.jpg,0.827,1
datasets/bright_scene_imgs/1952.jpg,-0.452,1
datasets/bright_scene_imgs/2743.jpg,-0.452,1
datasets/bright_scene_imgs/1969.jpg,0.519,1
datasets/bright_scene_imgs/1376.jpg,-0.739,1
datasets/bright_scene_imgs/2158.jpg,0.718,1
datasets/bright_scene_imgs/1589.jpg,0.223,1
datasets/bright_scene_imgs/1936.jpg,0.748,1
datasets/bright_scene_imgs/191.jpg,-0.87,1
datasets/bright_scene_imgs/2749.jpg,-0.45,1
datasets/bright_scene_imgs/119.jpg,-0.848,1
datasets/bright_scene_imgs/1115.jpg,0.044,1
datasets/bright_scene_imgs/1032.jpg,0.53,1
datasets/bright_scene_imgs/1904.jpg,-0.093,1
datasets/bright_scene_imgs/2546.jpg,0.271,1
datasets/bright_scene_imgs/1780.jpg,0.567,1
datasets/bright_scene_imgs/1976.jpg,-0.276,1
datasets/bright_scene_imgs/2101.jpg,0.415,1
datasets/bright_scene_imgs/2786.jpg,0.226,1
datasets/bright_scene_imgs/2870.jpg,0.268,1
datasets/bright_scene_imgs/1580.jpg,-0.316,1
datasets/bright_scene_imgs/142.jpg,0.371,1
datasets/bright_scene_imgs/1967.jpg,0.285,1
datasets/bright_scene_imgs/2280.jpg,0.272,1
datasets/bright_scene_imgs/1638.jpg,0.394,1
datasets/bright_scene_imgs/992.jpg,0.376,1
datasets/bright_scene_imgs/433.jpg,0.375,1
datasets/bright_scene_imgs/831.jpg,-0.611,1
datasets/bright_scene_imgs/525.jpg,0.657,1
datasets/bright_scene_imgs/587.jpg,-0.647,1
datasets/bright_scene_imgs/2157.jpg,0.624,1
datasets/bright_scene_imgs/1828.jpg,0.822,1
datasets/bright_scene_imgs/555.jpg,-0.085,1
datasets/bright_scene_imgs/2113.jpg,0.257,1
datasets/bright_scene_imgs/556.jpg,-0.189,1
datasets/bright_scene_imgs/592.jpg,-0.211,1
datasets/bright_scene_imgs/2356.jpg,0.367,1
datasets/bright_scene_imgs/2198.jpg,-0.469,1
datasets/bright_scene_imgs/300.jpg,0.912,1
datasets/bright_scene_imgs/2544.jpg,0.277,1
datasets/bright_scene_imgs/1915.jpg,0.629,1
datasets/bright_scene_imgs/495.jpg,0.233,1
datasets/bright_scene_imgs/1521.jpg,0.48,1
datasets/bright_scene_imgs/205.jpg,-0.629,1
datasets/bright_scene_imgs/1725.jpg,-0.772,1
datasets/bright_scene_imgs/1377.jpg,-0.758,1
datasets/bright_scene_imgs/402.jpg,0.231,1
datasets/bright_scene_imgs/2257.jpg,-0.012,1
datasets/bright_scene_imgs/1323.jpg,-0.033,1
datasets/bright_scene_imgs/128.jpg,-0.836,1
datasets/bright_scene_imgs/1018.jpg,0.714,1
datasets/bright_scene_imgs/2392.jpg,0.743,1
datasets/bright_scene_imgs/2880.jpg,-0.364,1
datasets/bright_scene_imgs/1214.jpg,-0.85,1
datasets/bright_scene_imgs/2799.jpg,0.215,1
datasets/bright_scene_imgs/480.jpg,0.124,1
datasets/bright_scene_imgs/93.jpg,-0.768,1
datasets/bright_scene_imgs/231.jpg,-0.432,1
datasets/bright_scene_imgs/2990.jpg,-0.894,1
datasets/bright_scene_imgs/1042.jpg,0.48,1
datasets/bright_scene_imgs/40.jpg,-0.111,1
datasets/bright_scene_imgs/2501.jpg,0.131,1
datasets/bright_scene_imgs/914.jpg,-0.153,1
datasets/bright_scene_imgs/904.jpg,-0.19,1
datasets/bright_scene_imgs/2500.jpg,0.095,1
datasets/bright_scene_imgs/2712.jpg,-0.611,1
datasets/bright_scene_imgs/1107.jpg,0.049,1
datasets/bright_scene_imgs/922.jpg,0.464,1
datasets/bright_scene_imgs/874.jpg,-0.346,1
datasets/bright_scene_imgs/2073.jpg,0.664,1
datasets/bright_scene_imgs/1191.jpg,-0.893,1
datasets/bright_scene_imgs/2195.jpg,-0.416,1
datasets/bright_scene_imgs/2358.jpg,0.281,1
datasets/bright_scene_imgs/278.jpg,0.744,1
datasets/bright_scene_imgs/1137.jpg,-0.245,1
datasets/bright_scene_imgs/1052.jpg,0.0,1
datasets/bright_scene_imgs/137.jpg,0.366,1
datasets/bright_scene_imgs/333.jpg,0.275,1
datasets/bright_scene_imgs/1759.jpg,-0.33,1
datasets/bright_scene_imgs/2794.jpg,-0.24,1
datasets/bright_scene_imgs/1613.jpg,-0.605,1
datasets/bright_scene_imgs/1959.jpg,0.238,1
datasets/bright_scene_imgs/2080.jpg,0.727,1
datasets/bright_scene_imgs/2290.jpg,0.363,1
datasets/bright_scene_imgs/1748.jpg,-0.626,1
datasets/bright_scene_imgs/772.jpg,-0.627,1
datasets/bright_scene_imgs/1192.jpg,-0.89,1
datasets/bright_scene_imgs/664.jpg,-0.607,1
datasets/bright_scene_imgs/388.jpg,0.308,1
datasets/bright_scene_imgs/1847.jpg,0.733,1
datasets/bright_scene_imgs/533.jpg,0.478,1
datasets/bright_scene_imgs/2511.jpg,-0.254,1
datasets/bright_scene_imgs/895.jpg,-0.131,1
datasets/bright_scene_imgs/2744.jpg,-0.441,1
datasets/bright_scene_imgs/2391.jpg,0.73,1
datasets/bright_scene_imgs/2725.jpg,-0.322,1
datasets/bright_scene_imgs/27.jpg,0.733,1
datasets/bright_scene_imgs/1688.jpg,-0.45,1
datasets/bright_scene_imgs/2403.jpg,0.885,1
datasets/bright_scene_imgs/1200.jpg,-0.9,1
datasets/bright_scene_imgs/860.jpg,-0.09,1
datasets/bright_scene_imgs/707.jpg,0.335,1
datasets/bright_scene_imgs/1216.jpg,-0.855,1
datasets/bright_scene_imgs/280.jpg,0.634,1
datasets/bright_scene_imgs/2218.jpg,0.267,1
datasets/bright_scene_imgs/1584.jpg,-0.299,1
datasets/bright_scene_imgs/916.jpg,-0.146,1
datasets/bright_scene_imgs/2301.jpg,0.487,1
datasets/bright_scene_imgs/653.jpg,-0.624,1
datasets/bright_scene_imgs/2102.jpg,0.55,1
datasets/bright_scene_imgs/1138.jpg,-0.19,1
datasets/bright_scene_imgs/129.jpg,-0.867,1
datasets/bright_scene_imgs/1758.jpg,-0.405,1
datasets/bright_scene_imgs/1679.jpg,-0.391,1
datasets/bright_scene_imgs/36.jpg,0.0,1
datasets/bright_scene_imgs/889.jpg,-0.021,1
datasets/bright_scene_imgs/725.jpg,0.061,1
datasets/bright_scene_imgs/2518.jpg,0.078,1
datasets/bright_scene_imgs/151.jpg,0.313,1
datasets/bright_scene_imgs/957.jpg,0.516,1
datasets/bright_scene_imgs/2079.jpg,0.662,1
datasets/bright_scene_imgs/2254.jpg,-0.075,1
datasets/bright_scene_imgs/331.jpg,0.464,1
datasets/bright_scene_imgs/2146.jpg,0.785,1
datasets/bright_scene_imgs/2256.jpg,-0.127,1
datasets/bright_scene_imgs/2486.jpg,0.261,1
datasets/bright_scene_imgs/996.jpg,0.438,1
datasets/bright_scene_imgs/824.jpg,-0.857,1
datasets/bright_scene_imgs/1280.jpg,-0.387,1
datasets/bright_scene_imgs/1810.jpg,0.479,1
datasets/bright_scene_imgs/1238.jpg,-0.873,1
datasets/bright_scene_imgs/2947.jpg,-0.117,1
datasets/bright_scene_imgs/1167.jpg,-1.0,1
datasets/bright_scene_imgs/165.jpg,0.496,1
datasets/bright_scene_imgs/800.jpg,-0.81,1
datasets/bright_scene_imgs/799.jpg,-0.809,1
datasets/bright_scene_imgs/432.jpg,0.397,1
datasets/bright_scene_imgs/1906.jpg,-0.078,1
datasets/bright_scene_imgs/1785.jpg,-0.161,1
datasets/bright_scene_imgs/1381.jpg,-0.723,1
datasets/bright_scene_imgs/1686.jpg,-0.661,1
datasets/bright_scene_imgs/2517.jpg,0.0,1
datasets/bright_scene_imgs/1053.jpg,-0.085,1
datasets/bright_scene_imgs/482.jpg,0.286,1
datasets/bright_scene_imgs/2512.jpg,-0.195,1
datasets/bright_scene_imgs/1276.jpg,-0.449,1
datasets/bright_scene_imgs/1281.jpg,-0.367,1
datasets/bright_scene_imgs/1213.jpg,-0.848,1
datasets/bright_scene_imgs/976.jpg,0.265,1
datasets/bright_scene_imgs/2469.jpg,0.684,1
datasets/bright_scene_imgs/757.jpg,0.312,1
datasets/bright_scene_imgs/217.jpg,-0.161,1
datasets/bright_scene_imgs/1247.jpg,-0.715,1
datasets/bright_scene_imgs/1324.jpg,-0.034,1
datasets/bright_scene_imgs/933.jpg,0.805,1
datasets/bright_scene_imgs/2819.jpg,0.561,1
datasets/bright_scene_imgs/58.jpg,-0.409,1
datasets/bright_scene_imgs/2720.jpg,-0.873,1
datasets/bright_scene_imgs/311.jpg,0.728,1
datasets/bright_scene_imgs/1037.jpg,0.527,1
datasets/bright_scene_imgs/661.jpg,-0.673,1
datasets/bright_scene_imgs/1126.jpg,-0.295,1
datasets/bright_scene_imgs/2557.jpg,0.292,1
datasets/bright_scene_imgs/704.jpg,0.522,1
datasets/bright_scene_imgs/2581.jpg,-0.561,1
datasets/bright_scene_imgs/2871.jpg,0.275,1
datasets/bright_scene_imgs/1970.jpg,0.534,1
datasets/bright_scene_imgs/2735.jpg,-0.464,1
datasets/bright_scene_imgs/613.jpg,0.322,1
datasets/bright_scene_imgs/2844.jpg,0.88,1
datasets/bright_scene_imgs/971.jpg,0.281,1
datasets/bright_scene_imgs/878.jpg,0.059,1
datasets/bright_scene_imgs/76.jpg,-0.212,1
datasets/bright_scene_imgs/1265.jpg,-0.451,1
datasets/bright_scene_imgs/2619.jpg,0.026,1
datasets/bright_scene_imgs/571.jpg,-0.581,1
datasets/bright_scene_imgs/457.jpg,0.255,1
datasets/bright_scene_imgs/2811.jpg,0.53,1
datasets/bright_scene_imgs/2476.jpg,0.629,1
datasets/bright_scene_imgs/202.jpg,-0.668,1
datasets/bright_scene_imgs/342.jpg,0.071,1
datasets/bright_scene_imgs/937.jpg,0.814,1
datasets/bright_scene_imgs/877.jpg,0.061,1
datasets/bright_scene_imgs/1583.jpg,-0.335,1
datasets/bright_scene_imgs/1004.jpg,0.442,1
datasets/bright_scene_imgs/603.jpg,0.061,1
datasets/bright_scene_imgs/542.jpg,-0.111,1
datasets/bright_scene_imgs/68.jpg,-0.378,1
datasets/bright_scene_imgs/2917.jpg,-0.347,1
datasets/bright_scene_imgs/2565.jpg,-0.437,1
datasets/bright_scene_imgs/1226.jpg,-0.847,1
datasets/bright_scene_imgs/490.jpg,0.113,1
datasets/bright_scene_imgs/2274.jpg,0.214,1
datasets/bright_scene_imgs/2182.jpg,0.123,1
datasets/bright_scene_imgs/2906.jpg,0.065,1
datasets/bright_scene_imgs/1757.jpg,-0.47,1
datasets/bright_scene_imgs/2810.jpg,0.486,1
datasets/bright_scene_imgs/1720.jpg,-0.952,1
datasets/bright_scene_imgs/2020.jpg,0.641,1
datasets/bright_scene_imgs/2430.jpg,0.713,1
datasets/bright_scene_imgs/1039.jpg,0.563,1
datasets/bright_scene_imgs/2934.jpg,-0.642,1
datasets/bright_scene_imgs/1154.jpg,-0.957,1
datasets/bright_scene_imgs/1776.jpg,0.328,1
datasets/bright_scene_imgs/760.jpg,0.381,1
datasets/bright_scene_imgs/1928.jpg,-0.054,1
datasets/bright_scene_imgs/401.jpg,0.312,1
datasets/bright_scene_imgs/1837.jpg,-0.316,1
datasets/bright_scene_imgs/1875.jpg,0.757,1
datasets/bright_scene_imgs/2329.jpg,0.706,1
datasets/bright_scene_imgs/588.jpg,-0.553,1
datasets/bright_scene_imgs/1128.jpg,-0.295,1
datasets/bright_scene_imgs/2156.jpg,0.543,1
datasets/bright_scene_imgs/691.jpg,-0.444,1
datasets/bright_scene_imgs/2060.jpg,0.745,1
datasets/bright_scene_imgs/2598.jpg,0.478,1
datasets/bright_scene_imgs/1270.jpg,-0.464,1
datasets/bright_scene_imgs/2519.jpg,0.149,1
datasets/bright_scene_imgs/2078.jpg,0.612,1
datasets/bright_scene_imgs/372.jpg,0.149,1
datasets/bright_scene_imgs/1647.jpg,-0.175,1
datasets/bright_scene_imgs/1718.jpg,-0.93,1
datasets/bright_scene_imgs/1752.jpg,-0.569,1
datasets/bright_scene_imgs/1008.jpg,0.51,1
datasets/bright_scene_imgs/2229.jpg,0.123,1
datasets/bright_scene_imgs/122.jpg,-0.785,1
datasets/bright_scene_imgs/2798.jpg,0.104,1
datasets/bright_scene_imgs/2036.jpg,0.916,1
datasets/bright_scene_imgs/1744.jpg,-0.801,1
datasets/bright_scene_imgs/532.jpg,0.49,1
datasets/bright_scene_imgs/676.jpg,-0.315,1
datasets/bright_scene_imgs/2054.jpg,-0.702,1
datasets/bright_scene_imgs/543.jpg,-0.367,1
datasets/bright_scene_imgs/826.jpg,-0.821,1
datasets/bright_scene_imgs/1883.jpg,0.498,1
datasets/bright_scene_imgs/788.jpg,-0.622,1
datasets/bright_scene_imgs/658.jpg,-0.69,1
datasets/bright_scene_imgs/969.jpg,0.262,1
datasets/bright_scene_imgs/1953.jpg,-0.368,1
datasets/bright_scene_imgs/390.jpg,0.178,1
datasets/bright_scene_imgs/2483.jpg,0.333,1
datasets/bright_scene_imgs/362.jpg,0.111,1
datasets/bright_scene_imgs/2388.jpg,0.695,1
datasets/bright_scene_imgs/42.jpg,-0.071,1
datasets/bright_scene_imgs/353.jpg,-0.04,1
datasets/bright_scene_imgs/292.jpg,0.817,1
datasets/bright_scene_imgs/671.jpg,-0.272,1
datasets/bright_scene_imgs/894.jpg,0.096,1
datasets/bright_scene_imgs/2328.jpg,0.66,1
datasets/bright_scene_imgs/223.jpg,-0.064,1
datasets/bright_scene_imgs/159.jpg,0.523,1
datasets/bright_scene_imgs/840.jpg,-0.727,1
datasets/bright_scene_imgs/975.jpg,0.267,1
datasets/bright_scene_imgs/801.jpg,-0.772,1
datasets/bright_scene_imgs/1646.jpg,-0.273,1
datasets/bright_scene_imgs/662.jpg,-0.673,1
datasets/bright_scene_imgs/1528.jpg,-0.197,1
datasets/bright_scene_imgs/1917.jpg,0.546,1
datasets/bright_scene_imgs/249.jpg,-0.675,1
datasets/bright_scene_imgs/853.jpg,-0.464,1
datasets/bright_scene_imgs/2459.jpg,0.698,1
datasets/bright_scene_imgs/974.jpg,0.269,1
datasets/bright_scene_imgs/1380.jpg,-0.742,1
datasets/bright_scene_imgs/828.jpg,-0.683,1
datasets/bright_scene_imgs/2532.jpg,-0.187,1
datasets/bright_scene_imgs/2262.jpg,0.54,1
datasets/bright_scene_imgs/2614.jpg,0.229,1
datasets/bright_scene_imgs/1007.jpg,0.504,1
datasets/bright_scene_imgs/2271.jpg,0.164,1
datasets/bright_scene_imgs/479.jpg,0.113,1
datasets/bright_scene_imgs/20.jpg,0.713,1
datasets/bright_scene_imgs/315.jpg,0.756,1
datasets/bright_scene_imgs/648.jpg,-0.72,1
datasets/bright_scene_imgs/813.jpg,-0.867,1
datasets/bright_scene_imgs/1735.jpg,-0.785,1
datasets/bright_scene_imgs/1393.jpg,-0.424,1
datasets/bright_scene_imgs/2390.jpg,0.785,1
datasets/bright_scene_imgs/558.jpg,-0.343,1
datasets/bright_scene_imgs/1881.jpg,0.433,1
datasets/bright_scene_imgs/459.jpg,0.473,1
datasets/bright_scene_imgs/2927.jpg,-0.883,1
datasets/bright_scene_imgs/1591.jpg,0.493,1
datasets/bright_scene_imgs/1608.jpg,-0.491,1
datasets/bright_scene_imgs/505.jpg,0.093,1
datasets/bright_scene_imgs/296.jpg,0.879,1
datasets/bright_scene_imgs/1225.jpg,-0.866,1
datasets/bright_scene_imgs/1689.jpg,-0.307,1
datasets/bright_scene_imgs/2404.jpg,0.894,1
datasets/bright_scene_imgs/230.jpg,-0.288,1
datasets/bright_scene_imgs/1839.jpg,-0.474,1
datasets/bright_scene_imgs/2914.jpg,-0.666,1
datasets/bright_scene_imgs/2087.jpg,0.613,1
datasets/bright_scene_imgs/382.jpg,0.192,1
datasets/bright_scene_imgs/411.jpg,0.042,1
datasets/bright_scene_imgs/2877.jpg,0.015,1
datasets/bright_scene_imgs/1736.jpg,-0.882,1
datasets/bright_scene_imgs/1668.jpg,0.696,1
datasets/bright_scene_imgs/2545.jpg,0.286,1
datasets/bright_scene_imgs/2784.jpg,0.126,1
datasets/bright_scene_imgs/547.jpg,-0.254,1
datasets/bright_scene_imgs/2192.jpg,-0.375,1
datasets/bright_scene_imgs/807.jpg,-0.77,1
datasets/bright_scene_imgs/2095.jpg,0.106,1
datasets/bright_scene_imgs/649.jpg,-0.734,1
datasets/bright_scene_imgs/2816.jpg,0.542,1
datasets/bright_scene_imgs/2537.jpg,0.192,1
datasets/bright_scene_imgs/1089.jpg,-0.1,1
datasets/bright_scene_imgs/2397.jpg,0.717,1
datasets/bright_scene_imgs/492.jpg,0.165,1
datasets/bright_scene_imgs/1706.jpg,-0.867,1
datasets/bright_scene_imgs/1033.jpg,0.533,1
datasets/bright_scene_imgs/1978.jpg,-0.702,1
datasets/bright_scene_imgs/2694.jpg,-0.248,1
datasets/bright_scene_imgs/598.jpg,-0.359,1
datasets/bright_scene_imgs/1926.jpg,-0.336,1
datasets/bright_scene_imgs/1838.jpg,-0.503,1
datasets/bright_scene_imgs/1081.jpg,-0.27,1
datasets/bright_scene_imgs/2897.jpg,-0.301,1
datasets/bright_scene_imgs/1925.jpg,-0.329,1
datasets/bright_scene_imgs/1995.jpg,-0.058,1
datasets/bright_scene_imgs/897.jpg,-0.289,1
datasets/bright_scene_imgs/281.jpg,0.574,1
datasets/bright_scene_imgs/949.jpg,0.507,1
datasets/bright_scene_imgs/590.jpg,-0.445,1
datasets/bright_scene_imgs/1938.jpg,0.625,1
datasets/bright_scene_imgs/735.jpg,-0.176,1
datasets/bright_scene_imgs/2945.jpg,-0.212,1
datasets/bright_scene_imgs/2349.jpg,0.449,1
datasets/bright_scene_imgs/2255.jpg,-0.121,1
datasets/bright_scene_imgs/2878.jpg,-0.058,1
datasets/bright_scene_imgs/2791.jpg,-0.426,1
datasets/bright_scene_imgs/1289.jpg,-0.236,1
datasets/bright_scene_imgs/545.jpg,-0.381,1
datasets/bright_scene_imgs/1155.jpg,-0.959,1
datasets/bright_scene_imgs/716.jpg,0.2,1
datasets/bright_scene_imgs/2541.jpg,0.407,1
datasets/bright_scene_imgs/1980.jpg,-0.742,1
datasets/bright_scene_imgs/998.jpg,0.549,1
datasets/bright_scene_imgs/1710.jpg,-0.857,1
datasets/bright_scene_imgs/832.jpg,-0.597,1
datasets/bright_scene_imgs/219.jpg,-0.149,1
datasets/bright_scene_imgs/2436.jpg,0.735,1
datasets/bright_scene_imgs/2070.jpg,0.654,1
datasets/bright_scene_imgs/254.jpg,-0.801,1
datasets/bright_scene_imgs/797.jpg,-0.807,1
datasets/bright_scene_imgs/736.jpg,-0.176,1
datasets/bright_scene_imgs/1224.jpg,-0.845,1
datasets/bright_scene_imgs/2243.jpg,0.112,1
datasets/bright_scene_imgs/2781.jpg,-0.033,1
datasets/bright_scene_imgs/471.jpg,0.322,1
datasets/bright_scene_imgs/2287.jpg,0.33,1
datasets/bright_scene_imgs/504.jpg,0.097,1
datasets/bright_scene_imgs/896.jpg,-0.339,1
datasets/bright_scene_imgs/108.jpg,-0.522,1
datasets/bright_scene_imgs/309.jpg,0.719,1
datasets/bright_scene_imgs/379.jpg,0.0,1
datasets/bright_scene_imgs/942.jpg,0.865,1
datasets/bright_scene_imgs/852.jpg,-0.516,1
datasets/bright_scene_imgs/140.jpg,0.165,1
datasets/bright_scene_imgs/2812.jpg,0.567,1
datasets/bright_scene_imgs/2525.jpg,0.278,1
datasets/bright_scene_imgs/620.jpg,0.0,1
datasets/bright_scene_imgs/2516.jpg,0.202,1
datasets/bright_scene_imgs/612.jpg,0.297,1
datasets/bright_scene_imgs/1156.jpg,-0.983,1
datasets/bright_scene_imgs/1549.jpg,0.368,1
datasets/bright_scene_imgs/1261.jpg,-0.488,1
datasets/bright_scene_imgs/2206.jpg,0.26,1
datasets/bright_scene_imgs/21.jpg,0.822,1
datasets/bright_scene_imgs/560.jpg,-0.102,1
datasets/bright_scene_imgs/2330.jpg,0.725,1
datasets/bright_scene_imgs/1684.jpg,-0.608,1
datasets/bright_scene_imgs/1598.jpg,0.328,1
datasets/bright_scene_imgs/2013.jpg,-0.65,1
datasets/bright_scene_imgs/1050.jpg,-0.107,1
datasets/bright_scene_imgs/2547.jpg,0.313,1
datasets/bright_scene_imgs/1260.jpg,-0.549,1
datasets/bright_scene_imgs/2456.jpg,0.647,1
datasets/bright_scene_imgs/25.jpg,0.737,1
datasets/bright_scene_imgs/1775.jpg,0.289,1
datasets/bright_scene_imgs/2468.jpg,0.715,1
datasets/bright_scene_imgs/2288.jpg,0.209,1
datasets/bright_scene_imgs/2316.jpg,0.396,1
datasets/bright_scene_imgs/2194.jpg,-0.392,1
datasets/bright_scene_imgs/2038.jpg,0.882,1
datasets/bright_scene_imgs/1017.jpg,0.544,1
datasets/bright_scene_imgs/1041.jpg,0.631,1
datasets/bright_scene_imgs/2427.jpg,0.665,1
datasets/bright_scene_imgs/1520.jpg,0.396,1
datasets/bright_scene_imgs/1862.jpg,0.686,1
datasets/bright_scene_imgs/1010.jpg,0.609,1
datasets/bright_scene_imgs/2727.jpg,-0.457,1
datasets/bright_scene_imgs/28.jpg,0.731,1
datasets/bright_scene_imgs/75.jpg,-0.117,1
datasets/bright_scene_imgs/956.jpg,0.617,1
datasets/bright_scene_imgs/250.jpg,-0.748,1
datasets/bright_scene_imgs/2502.jpg,0.2,1
datasets/bright_scene_imgs/849.jpg,-0.651,1
datasets/bright_scene_imgs/338.jpg,0.142,1
datasets/bright_scene_imgs/2989.jpg,-0.94,1
datasets/bright_scene_imgs/717.jpg,0.212,1
datasets/bright_scene_imgs/2037.jpg,0.862,1
datasets/bright_scene_imgs/2121.jpg,0.804,1
datasets/bright_scene_imgs/304.jpg,1.0,1
datasets/bright_scene_imgs/2915.jpg,-0.485,1
datasets/bright_scene_imgs/1275.jpg,-0.507,1
datasets/bright_scene_imgs/2693.jpg,-0.297,1
datasets/bright_scene_imgs/1751.jpg,-0.591,1
datasets/bright_scene_imgs/1836.jpg,-0.064,1
datasets/bright_scene_imgs/2437.jpg,0.755,1
datasets/bright_scene_imgs/690.jpg,-0.391,1
datasets/bright_scene_imgs/2817.jpg,0.502,1
datasets/bright_scene_imgs/1804.jpg,0.012,1
datasets/bright_scene_imgs/456.jpg,0.454,1
datasets/bright_scene_imgs/2508.jpg,-0.236,1
datasets/bright_scene_imgs/2160.jpg,0.835,1
datasets/bright_scene_imgs/686.jpg,-0.55,1
datasets/bright_scene_imgs/1678.jpg,-0.46,1
datasets/bright_scene_imgs/791.jpg,-0.738,1
datasets/bright_scene_imgs/2168.jpg,0.435,1
datasets/bright_scene_imgs/1966.jpg,0.301,1
datasets/bright_scene_imgs/1651.jpg,0.407,1
datasets/bright_scene_imgs/2793.jpg,-0.349,1
datasets/bright_scene_imgs/515.jpg,0.896,1
datasets/bright_scene_imgs/461.jpg,0.579,1
datasets/bright_scene_imgs/1379.jpg,-0.763,1
datasets/bright_scene_imgs/1766.jpg,-0.161,1
datasets/bright_scene_imgs/805.jpg,-0.695,1
datasets/bright_scene_imgs/477.jpg,0.193,1
datasets/bright_scene_imgs/2946.jpg,-0.129,1
datasets/bright_scene_imgs/2447.jpg,0.748,1
datasets/bright_scene_imgs/2065.jpg,0.854,1
datasets/bright_scene_imgs/2482.jpg,0.387,1
datasets/bright_scene_imgs/917.jpg,-0.133,1
datasets/bright_scene_imgs/812.jpg,-0.852,1
datasets/bright_scene_imgs/1803.jpg,0.066,1
datasets/bright_scene_imgs/109.jpg,-0.533,1
datasets/bright_scene_imgs/2766.jpg,-0.477,1
datasets/bright_scene_imgs/518.jpg,0.85,1
datasets/bright_scene_imgs/818.jpg,-0.821,1
datasets/bright_scene_imgs/1101.jpg,0.302,1
datasets/bright_scene_imgs/2247.jpg,0.052,1
datasets/bright_scene_imgs/1690.jpg,-0.293,1
datasets/bright_scene_imgs/1068.jpg,-0.337,1
datasets/bright_scene_imgs/2492.jpg,0.236,1
datasets/bright_scene_imgs/988.jpg,0.376,1
datasets/bright_scene_imgs/1874.jpg,0.711,1
datasets/bright_scene_imgs/1664.jpg,-0.105,1
datasets/bright_scene_imgs/2350.jpg,0.275,1
datasets/bright_scene_imgs/557.jpg,-0.25,1
datasets/bright_scene_imgs/251.jpg,-0.768,1
datasets/bright_scene_imgs/454.jpg,0.627,1
datasets/bright_scene_imgs/2381.jpg,0.496,1
datasets/bright_scene_imgs/1604.jpg,-0.357,1
datasets/bright_scene_imgs/2714.jpg,-0.739,1
datasets/bright_scene_imgs/770.jpg,-0.655,1
datasets/bright_scene_imgs/1621.jpg,0.179,1
datasets/bright_scene_imgs/371.jpg,0.219,1
datasets/bright_scene_imgs/1248.jpg,-0.689,1
datasets/bright_scene_imgs/850.jpg,-0.595,1
datasets/bright_scene_imgs/1005.jpg,0.449,1
datasets/bright_scene_imgs/1135.jpg,-0.492,1
datasets/bright_scene_imgs/2700.jpg,-0.393,1
datasets/bright_scene_imgs/2129.jpg,0.901,1
datasets/bright_scene_imgs/665.jpg,-0.584,1
datasets/bright_scene_imgs/107.jpg,-0.414,1
datasets/bright_scene_imgs/1305.jpg,-0.103,1
datasets/bright_scene_imgs/2289.jpg,0.286,1
datasets/bright_scene_imgs/1830.jpg,0.748,1
